Customer ID,Frequency,Monetary,churn_prob,churned
12346.0,12,77556.46,0.71,1
12347.0,5,3529.27,0.07,0
12348.0,4,1709.3999999999999,0.18,0
12349.0,3,2671.14,0.32,0
12350.0,1,334.40000000000003,0.98,1
12351.0,1,300.93,0.92,1
12352.0,7,1905.6100000000001,0.21,0
12353.0,2,406.76,0.89,1
12354.0,1,1079.4,0.53,1
12355.0,2,947.61,0.9,1
12356.0,5,6315.33,0.16,0
12357.0,2,12079.99,0.24,0
12358.0,4,3203.87,0.34,0
12359.0,9,6059.09,0.13,0
12360.0,6,2674.41,0.04,0
12361.0,4,511.25,0.85,1
12362.0,4,1408.1,0.25,0
12363.0,1,299.09999999999997,0.6,0
12365.0,2,641.38,0.84,1
12366.0,1,500.24,0.55,1
12368.0,1,917.7,0.93,1
12369.0,3,1791.15,0.81,1
12370.0,6,3581.03,0.06,0
12371.0,3,2179.42,0.46,0
12372.0,2,914.9200000000001,0.21,0
12373.0,3,1127.65,0.84,1
12374.0,3,2246.29,0.32,0
12376.0,2,503.15,0.88,1
12377.0,4,3426.32,0.77,1
12378.0,1,1407.7,0.32,0
12379.0,3,1227.82,0.21,0
12380.0,8,7559.04,0.07,0
12383.0,5,1850.56,0.65,1
12385.0,1,1938.4,0.32,1
12386.0,2,660.8000000000001,0.8,1
12387.0,1,143.94,0.94,1
12388.0,6,2788.79,0.13,0
12389.0,3,1433.33,0.88,1
12391.0,5,2312.53,0.11,0
12392.0,1,234.75,0.9,1
12393.0,5,1877.95,0.09,0
12394.0,1,381.08,0.22,0
12395.0,10,3782.26,0.08,0
12396.0,1,931.4300000000001,0.4,1
12397.0,1,1214.81,0.11,0
12399.0,6,1752.68,0.34,0
12400.0,1,205.25,0.94,1
12401.0,1,84.3,0.55,1
12402.0,6,1256.9,0.83,1
12403.0,1,591.6600000000001,0.21,0
12404.0,1,63.24,1.0,1
12405.0,1,1710.39,0.45,1
12406.0,4,4596.31,0.17,0
12407.0,3,1215.02,0.17,0
12408.0,6,2943.99,0.05,0
12409.0,5,18553.7,0.12,0
12410.0,3,1013.71,0.88,1
12411.0,1,346.9,0.97,1
12412.0,5,2260.79,0.11,0
12413.0,3,805.25,0.27,0
12414.0,6,952.4100000000001,0.8,1
12415.0,19,96809.56,0.14,0
12416.0,1,202.56,0.79,1
12417.0,16,5066.08,0.04,0
12418.0,3,1352.6200000000001,0.19,0
12419.0,2,503.01,0.8,1
12421.0,4,688.36,0.23,0
12422.0,16,5084.1,0.02,0
12423.0,8,2214.77,0.33,0
12424.0,4,3340.0299999999997,0.35,1
12425.0,1,964.21,0.32,0
12426.0,2,1345.21,0.83,1
12427.0,1,607.0,0.25,0
12428.0,7,6942.9800000000005,0.11,0
12429.0,7,6580.39,0.05,0
12431.0,22,8636.33,0.03,0
12432.0,3,4016.66,0.27,0
12433.0,5,10992.51,0.07,0
12434.0,2,583.54,0.19,0
12435.0,5,10075.03,0.53,0
12437.0,30,10208.72,0.04,0
12438.0,1,890.07,0.22,0
12439.0,2,1158.18,0.83,1
12440.0,2,859.2,0.85,1
12441.0,1,347.1,0.66,1
12443.0,1,485.31,0.83,1
12444.0,1,1870.2,0.19,0
12445.0,1,301.58,0.27,0
12447.0,1,476.49,0.71,1
12449.0,3,1627.53,0.16,0
12450.0,5,688.2,0.43,1
12451.0,5,8942.18,0.03,0
12454.0,4,13151.44,0.18,0
12455.0,8,5510.89,0.15,0
12456.0,1,940.17,0.33,0
12457.0,4,1699.93,0.2,0
12458.0,3,1272.01,0.39,0
12459.0,1,454.36,0.82,1
12460.0,1,326.65,0.83,1
12461.0,1,626.88,0.57,0
12462.0,1,762.11,0.65,0
12463.0,3,985.79,0.18,0
12464.0,5,590.45,0.2,0
12465.0,1,440.94,0.18,0
12466.0,1,56.73,0.95,1
12467.0,1,132.8,0.98,1
12468.0,5,3670.7400000000002,0.37,1
12469.0,2,3070.54,0.8,1
12470.0,1,211.95,0.94,1
12471.0,65,29515.32,0.07,0
12472.0,17,16236.08,0.08,0
12473.0,1,672.19,0.24,0
12474.0,25,8945.04,0.01,0
12475.0,1,426.26,0.15,0
12476.0,18,10490.66,0.0,0
12477.0,5,11633.6,0.08,0
12480.0,6,4328.17,0.13,0
12481.0,13,10866.83,0.05,0
12482.0,29,23691.4,0.62,1
12483.0,16,3950.21,0.02,0
12484.0,8,4105.09,0.25,0
12485.0,1,708.1,0.87,1
12486.0,1,1037.28,0.7,1
12487.0,1,285.3,0.76,1
12489.0,1,334.93,0.9,1
12490.0,15,6498.42,0.0,0
12492.0,1,452.0,0.29,0
12493.0,2,433.74,0.88,1
12494.0,7,1495.63,0.12,0
12495.0,1,357.4,0.97,1
12496.0,2,54.09,0.9,1
12497.0,2,5205.400000000001,0.21,0
12499.0,1,393.72,0.78,1
12500.0,13,3093.23,0.05,0
12501.0,1,2169.39,0.47,1
12502.0,3,1842.65,0.47,0
12503.0,1,1126.0,0.92,1
12504.0,2,297.0,0.17,0
12505.0,1,955.2,0.9,1
12506.0,1,73.5,0.89,1
12507.0,3,1032.16,0.28,0
12509.0,1,176.5,0.96,1
12510.0,9,5178.02,0.71,1
12511.0,1,3084.02,0.72,1
12514.0,2,1597.76,0.7,1
12515.0,1,383.7,0.9,1
12516.0,3,1919.76,0.22,0
12517.0,1,766.95,0.31,0
12519.0,1,385.7,0.26,0
12520.0,4,2045.85,0.34,0
12521.0,1,599.68,0.81,1
12523.0,17,3287.32,0.06,0
12524.0,15,9762.87,0.03,0
12525.0,3,973.73,0.89,1
12527.0,4,671.72,0.23,0
12528.0,3,1053.37,0.27,0
12529.0,1,316.48,0.97,1
12530.0,7,2901.98,0.12,0
12531.0,1,1807.98,0.24,0
12533.0,2,1367.89,0.9,1
12535.0,1,371.45,0.39,0
12537.0,1,732.94,0.74,1
12538.0,1,276.5,0.19,0
12539.0,6,10164.09,0.07,0
12540.0,25,17131.78,0.0,0
12541.0,2,536.14,0.19,0
12542.0,2,481.88,0.81,1
12543.0,1,980.25,0.82,1
12545.0,1,628.15,0.53,0
12547.0,3,383.58,0.88,1
12548.0,1,95.19999999999999,0.86,1
12549.0,6,1575.68,0.76,1
12551.0,1,168.0,0.99,1
12553.0,8,2935.84,0.07,0
12554.0,1,468.5,0.83,1
12555.0,1,129.23,0.9647854705021941,1
12556.0,1,312.9,0.39,0
12557.0,7,15726.140000000001,0.28,0
12559.0,2,561.71,0.9,1
12560.0,1,1292.31,0.34,0
12561.0,1,238.85,0.82,1
12562.0,4,2140.41,0.4,0
12563.0,1,249.24,0.9,1
12564.0,1,456.90000000000003,0.91,1
12565.0,1,145.92000000000002,0.77,1
12567.0,12,10415.68,0.03,0
12568.0,1,70.0,0.97,1
12569.0,9,1567.99,0.16,0
12570.0,1,77.52,0.99,1
12573.0,5,717.41,0.78,1
12574.0,1,218.45000000000002,0.81,1
12575.0,2,622.82,0.82,1
12576.0,6,1487.74,0.19,0
12577.0,6,1191.84,0.22,0
12578.0,3,3456.6,0.15,0
12580.0,2,1052.9,0.73,1
12582.0,4,1980.4,0.67,1
12583.0,20,11155.17,0.01,0
12584.0,3,769.84,0.19,0
12585.0,2,2040.1,0.47,1
12586.0,3,1865.73,0.27,0
12588.0,3,743.88,0.13,0
12589.0,7,4180.48,0.19,0
12590.0,2,9864.26,0.74,1
12591.0,3,1352.15,0.79,1
12592.0,4,2376.86,0.05,0
12593.0,1,236.0,0.21,0
12594.0,12,3559.84,0.02,0
12595.0,1,299.02,0.78,1
12596.0,1,269.95,0.09,0
12597.0,2,1428.81,0.34,0
12598.0,7,3095.39,0.07,0
12599.0,11,1940.88,0.07,0
12600.0,18,4106.07,0.06,0
12601.0,6,681.26,0.9,1
12604.0,1,178.5,0.33,0
12605.0,4,1232.95,0.82,1
12606.0,1,21.0,0.99,1
12608.0,1,415.79,0.83,1
12609.0,8,3109.7400000000002,0.1,0
12613.0,9,4953.21,0.04,0
12614.0,1,315.6,0.76,1
12615.0,5,4084.53,0.08,0
12616.0,2,673.4,0.2,0
12619.0,5,1849.48,0.11,0
12620.0,1,561.66,0.31,0
12621.0,28,19686.37,0.0,0
12622.0,1,180.1,0.89,1
12623.0,7,3747.84,0.12,1
12624.0,1,299.94,0.15,0
12625.0,4,5164.88,0.35,1
12626.0,4,3247.9,0.14,0
12627.0,1,768.02,0.13,0
12629.0,2,1558.22,0.65,1
12631.0,5,2841.07,0.1,0
12632.0,2,804.88,0.75,1
12633.0,5,5243.7300000000005,0.07,0
12634.0,2,490.0,0.94,1
12635.0,3,1924.8700000000001,0.48,0
12636.0,1,141.0,0.9347854705021941,1
12637.0,9,5372.51,0.13,0
12638.0,1,249.8,0.37,0
12639.0,3,1312.3700000000001,0.94,1
12643.0,11,7148.2,0.16,0
12644.0,3,1440.58,0.34,0
12645.0,6,2563.02,0.03,0
12647.0,32,16780.44,0.03,0
12648.0,4,1112.0,0.77,1
12649.0,6,2046.14,0.32,0
12651.0,4,377.75,0.85,1
12652.0,2,1017.0300000000001,0.83,1
12653.0,3,4160.83,0.46,1
12654.0,3,337.75,0.64,0
12655.0,1,261.35,0.91,1
12656.0,5,4016.26,0.41,0
12661.0,1,162.0,0.97,1
12662.0,15,5407.9800000000005,0.05,0
12663.0,2,239.4,0.93,1
12664.0,5,3145.64,0.16,0
12665.0,3,313.6,0.88,1
12666.0,1,1248.42,0.96,1
12668.0,9,10562.0,0.05,0
12669.0,3,2744.0299999999997,0.77,1
12670.0,4,1790.63,0.06,0
12671.0,1,2622.481,0.9,1
12672.0,2,437.05,0.94,1
12673.0,2,840.4,0.16,0
12674.0,2,976.8,0.33,0
12675.0,2,958.5,0.84,1
12676.0,8,2340.65,0.04,0
12677.0,2,395.1,0.84,1
12678.0,16,23459.54,0.07,0
12679.0,2,906.38,0.21,0
12681.0,38,26947.32,0.03,0
12682.0,38,18831.53,0.02,0
12683.0,16,9307.14,0.01,0
12684.0,4,1379.48,0.2,0
12686.0,1,178.28,0.91,1
12687.0,2,2138.91,0.76,1
12690.0,1,389.01,0.91,1
12691.0,5,690.9,0.23,0
12692.0,1,110.95,1.0,1
12693.0,6,1477.88,0.12,0
12694.0,2,1413.18,0.45,0
12695.0,4,914.27,0.19,0
12696.0,2,851.91,0.8,1
12697.0,1,390.5,0.28,0
12698.0,1,339.75,0.87,1
12699.0,1,638.11,0.81,1
12700.0,2,2149.05,0.2,0
12701.0,5,1985.78,0.51,0
12703.0,3,722.98,0.61,0
12704.0,1,329.56,0.28,0
12705.0,9,9056.33,0.03,0
12707.0,1,603.42,0.78,1
12708.0,14,4229.13,0.0,0
12709.0,29,27825.93,0.04,0
12710.0,2,790.36,0.52,0
12711.0,2,1339.05,0.54,1
12712.0,18,6468.46,0.02,0
12714.0,10,11660.03,0.06,0
12717.0,3,1308.91,0.89,1
12720.0,18,5465.0,0.04,0
12721.0,6,3055.86,0.09,0
12722.0,1,302.92,0.18,0
12724.0,5,1566.47,0.13,0
12725.0,4,2694.56,0.76,1
12726.0,9,2872.82,0.08,0
12727.0,8,4499.2300000000005,0.21,0
12728.0,4,851.15,0.29,0
12730.0,1,829.25,0.93,1
12731.0,13,18204.05,0.04,0
12732.0,1,236.26000000000002,0.74,1
12733.0,4,2424.87,0.83,1
12734.0,3,639.65,0.76,1
12735.0,2,779.5699999999999,0.7,1
12736.0,1,234.0,0.95,1
12737.0,2,3710.5,0.99,1
12738.0,1,310.7,0.61,1
12739.0,2,1713.69,0.16,0
12741.0,2,406.07,0.92,1
12742.0,1,1201.52,0.71,1
12744.0,9,18249.74,0.14,0
12745.0,3,925.41,0.88,1
12746.0,1,254.55,0.85,1
12747.0,22,7548.2300000000005,0.01,0
12748.0,239,35385.36,0.02,0
12749.0,5,3665.58,0.12,0
12751.0,1,268.27,0.89,1
12753.0,5,16620.91,0.19,0
12754.0,3,3010.74,0.75,1
12755.0,11,9030.66,0.72,1
12757.0,7,5281.08,0.19,0
12758.0,6,8681.84,0.12,0
12759.0,7,4571.82,0.04,0
12760.0,1,347.8,0.95,1
12761.0,2,782.95,0.79,1
12763.0,2,814.16,0.87,1
12764.0,1,1693.88,0.89,1
12765.0,6,1404.58,0.64,1
12766.0,7,8030.84,0.13,0
12767.0,1,949.82,0.89,1
12768.0,1,168.69,0.98,1
12769.0,1,1143.6,0.94,1
12770.0,2,3246.45,0.8,1
12771.0,1,282.3,0.85,1
12773.0,1,124.25,0.98,1
12774.0,1,98.7,0.97,1
12775.0,6,1464.76,0.11,0
12776.0,1,55.5,0.99,1
12777.0,1,519.45,0.71,1
12778.0,7,1445.51,0.19,0
12779.0,13,5740.32,0.07,0
12780.0,1,337.4,0.88,1
12781.0,1,549.26,0.61,0
12782.0,10,4365.99,0.1,0
12784.0,1,1230.33,0.2,0
12785.0,3,1100.4,0.8,1
12786.0,1,728.5,0.92,1
12787.0,2,556.62,0.27,0
12788.0,4,444.90000000000003,0.94,1
12789.0,2,181.5,0.3,0
12790.0,2,591.85,0.87,1
12791.0,6,1056.1100000000001,0.79,1
12792.0,2,827.01,0.93,1
12793.0,3,1017.33,0.85,1
12796.0,1,381.0,0.46,1
12797.0,2,806.11,0.62,1
12798.0,2,3140.9300000000003,0.19,0
12799.0,1,219.35,0.89,1
12800.0,3,584.25,0.87,1
12801.0,1,1071.82,0.7,1
12802.0,7,2416.42,0.67,1
12803.0,1,1092.81,0.53,1
12804.0,2,327.02,0.78,1
12805.0,4,1434.95,0.77,1
12806.0,4,2878.96,0.43,1
12807.0,1,330.35,0.86,1
12808.0,4,703.8000000000001,0.56,0
12809.0,3,1755.94,0.78,1
12810.0,2,534.99,0.79,1
12811.0,5,1033.9,0.75,1
12813.0,3,1687.8,0.77,1
12815.0,2,1063.46,0.92,1
12816.0,1,318.65000000000003,0.34,0
12817.0,3,690.98,0.82,1
12818.0,1,1542.0800000000002,0.89,1
12819.0,1,540.52,0.8,1
12820.0,8,1917.64,0.12,0
12821.0,2,220.8,0.9,1
12823.0,16,5736.5,0.11,0
12825.0,2,518.63,0.85,1
12826.0,9,2299.65,0.12,0
12829.0,3,385.3,0.67,1
12830.0,2,2869.76,0.17,0
12831.0,3,451.11,0.89,1
12833.0,1,417.38,0.89,1
12834.0,1,312.38,0.78,1
12835.0,41,6043.31,0.75,1
12836.0,14,6085.29,0.01,0
12837.0,2,688.41,0.86,1
12838.0,9,3106.14,0.13,0
12839.0,18,6511.28,0.01,0
12840.0,7,4041.9700000000003,0.67,1
12841.0,30,6096.0,0.01,0
12842.0,3,1109.73,0.17,0
12843.0,29,6578.46,0.0,0
12844.0,2,322.64,0.14,0
12845.0,4,354.09000000000003,0.85,1
12846.0,1,15.58,0.97,1
12847.0,1,765.36,0.79,0
12848.0,1,208.0,0.92,1
12849.0,5,2744.17,0.14,0
12850.0,1,330.0,0.95,1
12851.0,1,148.95,0.89,0
12852.0,1,311.55,0.69,1
12853.0,11,3907.5,0.46,1
12854.0,6,2479.89,0.02,0
12855.0,4,650.94,0.88,1
12857.0,6,3688.0,0.76,1
12858.0,1,177.92000000000002,0.95,1
12859.0,1,575.1,0.88,1
12860.0,1,55.47,0.84,1
12861.0,1,68.25,0.94,1
12862.0,2,1008.32,0.84,1
12863.0,5,2271.35,0.18,0
12864.0,2,299.57,0.69,1
12865.0,2,1755.24,0.17,0
12866.0,3,1227.35,0.5,1
12867.0,11,6228.92,0.11,0
12868.0,8,2247.06,0.84,1
12869.0,1,337.67,0.86,1
12870.0,3,1676.95,0.88,1
12871.0,2,495.38,0.25,0
12872.0,12,3685.4900000000002,0.62,1
12873.0,3,2027.3,0.9,1
12874.0,2,948.42,0.88,1
12875.0,5,1356.9900000000002,0.51,1
12876.0,3,2590.2,0.45,0
12877.0,16,2378.23,0.07,0
12878.0,2,854.99,0.86,1
12880.0,2,640.13,0.85,1
12881.0,1,298.0,0.89,1
12886.0,1,775.0,0.92,0
12887.0,1,222.4,0.81,1
12888.0,2,354.12,0.91,1
12889.0,4,385.46000000000004,0.8,1
12890.0,1,336.8,0.31,0
12891.0,11,840.5,0.82,1
12892.0,1,263.38,0.89,1
12894.0,1,157.35,0.96,1
12897.0,4,514.25,0.92,1
12898.0,2,310.96000000000004,0.87,1
12899.0,1,366.4,0.97,1
12900.0,1,340.33000000000004,0.93,1
12901.0,17,10170.2,0.1,0
12902.0,1,138.68,0.93,1
12903.0,1,833.5300000000001,0.53,1
12904.0,1,244.69,0.26,0
12905.0,2,1018.42,0.92,1
12907.0,2,508.91,0.86,1
12908.0,5,1776.0,0.8,1
12909.0,6,2452.89,0.09,0
12910.0,8,3863.98,0.01,0
12911.0,1,1680.47,0.88,1
12913.0,11,5083.62,0.26,0
12914.0,1,223.98000000000002,0.85,1
12915.0,4,1174.75,0.87,1
12916.0,7,4654.02,0.2,1
12917.0,5,3765.2,0.08,0
12918.0,1,10953.5,0.95,1
12919.0,2,259.0,0.76,0
12920.0,3,323.86,0.69,0
12921.0,56,26773.68,0.02,0
12922.0,1,405.38,0.95,1
12923.0,2,612.9,0.19,0
12924.0,11,2190.9700000000003,0.1,0
12925.0,1,35.28,0.34,0
12926.0,4,1548.46,0.44,1
12927.0,1,197.31,0.89,1
12928.0,10,3378.33,0.03,0
12929.0,1,117.85,0.96,1
12930.0,1,221.56,0.3,0
12931.0,49,54212.08,0.03,0
12932.0,8,1698.56,0.72,1
12933.0,7,1436.99,0.26,0
12934.0,1,181.65,0.74,1
12935.0,11,3302.48,0.07,0
12937.0,7,2021.57,0.14,0
12939.0,16,21673.08,0.08,0
12941.0,1,377.49,0.99,1
12942.0,2,655.27,0.46,0
12943.0,2,496.5,0.92,1
12944.0,1,286.95,0.26,0
12945.0,2,900.11,0.82,1
12946.0,1,324.45,0.82,1
12947.0,6,1908.03,0.71,1
12948.0,5,1138.74,0.53,0
12949.0,17,13610.18,0.03,0
12951.0,14,2901.4300000000003,0.0,0
12953.0,1,498.96,0.3,0
12954.0,1,162.45,0.99,1
12955.0,5,1346.92,0.14,0
12956.0,4,521.89,0.72,1
12957.0,9,6404.72,0.05,0
12958.0,2,539.49,0.55,1
12959.0,1,150.95,0.98,1
12960.0,4,1322.0700000000002,0.89,1
12961.0,1,211.99,0.95,1
12963.0,5,2110.76,0.18,0
12964.0,1,132.24,0.87,1
12967.0,3,4306.92,0.55,1
12969.0,1,122.45,0.96,1
12970.0,8,1096.53,0.18,0
12971.0,85,11770.08,0.02,0
12972.0,4,1161.2,0.77,1
12973.0,1,385.55,0.9,1
12974.0,2,408.95,0.93,1
12975.0,6,2100.09,0.81,1
12976.0,8,3156.38,0.65,1
12977.0,4,517.63,0.83,1
12978.0,5,2502.82,0.74,1
12979.0,1,517.7,0.83,1
12980.0,21,16245.78,0.64,1
12982.0,8,2744.81,0.66,1
12983.0,1,490.08,0.78,1
12986.0,10,2729.84,0.74,1
12987.0,4,1057.81,0.69,0
12988.0,1,535.32,0.89,1
12989.0,26,11096.78,0.0,0
12990.0,6,809.9,0.43,0
12991.0,1,261.06,0.22,0
12992.0,1,93.35,0.99,1
12993.0,6,1020.17,0.77,0
12994.0,1,352.6,0.79,0
12996.0,1,355.5,1.0,1
12997.0,6,1492.49,0.1,0
12998.0,3,920.08,0.82,1
12999.0,3,455.88,0.47,1
13000.0,3,956.1800000000001,0.18,0
13001.0,31,22968.7,0.0,0
13002.0,3,414.13,0.78,1
13003.0,2,89.05000000000001,0.16,0
13004.0,28,9143.52,0.03,0
13005.0,4,999.68,0.61,1
13007.0,1,175.25,1.0,1
13008.0,3,612.13,0.91,1
13009.0,1,234.0,0.97,1
13010.0,2,330.12,0.84,1
13011.0,1,101.10000000000001,0.84,1
13012.0,7,2323.3,0.03,0
13013.0,22,10747.960000000001,0.03,0
13014.0,5,3703.58,0.12,0
13015.0,10,5003.18,0.07,0
13018.0,21,6607.66,0.04,0
13019.0,6,1229.95,0.56,1
13020.0,2,618.96,0.94,1
13021.0,12,3423.33,0.02,0
13022.0,1,65.3,0.79,1
13023.0,1,759.13,0.22,0
13024.0,2,555.87,0.86,1
13025.0,1,323.39,0.6,1
13026.0,6,1001.44,0.27,0
13027.0,18,15799.2,0.15,0
13029.0,4,1453.0,0.21,0
13030.0,1,855.48,0.24,0
13031.0,5,3419.27,0.19,1
13032.0,7,1833.3700000000001,0.36,0
13033.0,2,220.55,0.87,1
13034.0,2,445.77,0.25,0
13035.0,2,775.32,0.21,0
13036.0,1,307.1,0.93,1
13037.0,12,3914.9500000000003,0.66,1
13038.0,2,591.76,0.28,0
13039.0,4,1010.73,0.89,1
13041.0,4,799.13,0.89,1
13042.0,3,1556.54,0.7,1
13043.0,1,516.42,0.77,1
13044.0,11,4853.9,0.66,1
13045.0,2,503.64,0.29,0
13046.0,2,517.66,0.21,0
13047.0,21,7791.7,0.0,0
13048.0,7,3188.2200000000003,0.25,0
13049.0,3,905.34,0.19,0
13050.0,29,10306.18,0.02,0
13051.0,2,155.8,0.98,1
13052.0,7,3168.53,0.13,1
13053.0,1,127.65,0.99,1
13055.0,2,1451.56,0.23,0
13056.0,1,209.48,0.85,1
13057.0,3,722.09,0.82,1
13058.0,1,47.550000000000004,0.49,0
13059.0,10,2303.17,0.58,1
13060.0,1,307.53000000000003,0.84,1
13062.0,1,346.98,0.98,1
13063.0,1,188.4,0.94,1
13064.0,4,1220.5,0.57,0
13065.0,5,1260.91,0.91,1
13067.0,2,393.05,0.7,0
13068.0,1,165.0,0.5875388609290879,0
13069.0,31,8458.98,0.05,0
13070.0,4,751.7,0.87,1
13071.0,1,129.22,0.92,1
13072.0,1,177.15,0.99,1
13073.0,2,418.08,0.93,1
13074.0,4,1378.74,0.28,1
13076.0,1,135.4,0.94,1
13077.0,10,2912.84,0.03,0
13078.0,44,22721.02,0.04,0
13079.0,2,222.88000000000002,0.28,0
13080.0,4,280.73,0.92,1
13081.0,25,49737.89,0.02,0
13082.0,20,7245.75,0.06,0
13083.0,1,91.67999999999999,0.29,0
13084.0,1,122.39999999999999,0.88,1
13085.0,8,2433.28,0.77,1
13086.0,1,439.33000000000004,0.93,1
13087.0,1,313.64,0.89,1
13088.0,1,236.11,0.93,1
13089.0,168,93070.33,0.02,0
13090.0,19,10104.29,0.06,0
13091.0,2,1976.0,0.82,0
13092.0,11,2102.2,0.07,0
13093.0,55,54943.65,0.64,1
13094.0,10,1822.5600000000002,0.29,0
13096.0,1,419.7000000000001,0.85,1
13097.0,25,11380.66,0.05,0
13098.0,15,11807.88,0.04,0
13101.0,4,695.4,0.88,1
13102.0,30,9692.39,0.0,0
13103.0,2,465.70000000000005,0.27,0
13104.0,5,824.34,0.26,0
13105.0,1,72.0,1.0,1
13106.0,1,526.96,0.56,0
13107.0,7,4656.67,0.02,0
13108.0,2,1098.52,0.75,1
13109.0,2,717.34,0.34,0
13110.0,10,2511.04,0.15,0
13111.0,1,321.88,0.89,1
13112.0,1,20.599999999999998,0.92,1
13113.0,31,16023.79,0.03,0
13114.0,1,234.38,0.96,1
13115.0,7,4078.47,0.1,0
13116.0,1,501.14,0.83,1
13117.0,16,2410.27,0.2,0
13118.0,7,2017.3,0.12,0
13119.0,1,134.9,0.97,1
13120.0,1,30.6,0.87,1
13121.0,1,283.73,0.98,1
13122.0,1,903.6700000000001,0.14,0
13123.0,2,506.75,0.77,1
13124.0,3,3490.2400000000002,0.24,0
13125.0,1,158.57,0.89,1
13126.0,10,2976.03,0.1,0
13128.0,1,263.5,0.94,1
13129.0,2,233.25,0.68,1
13131.0,5,2565.37,0.12,0
13132.0,1,77.3,0.65,1
13133.0,3,200.45,0.95,1
13134.0,5,1567.39,0.07,0
13135.0,2,3371.45,0.81,1
13136.0,11,4893.63,0.11,0
13137.0,11,5227.52,0.09,0
13138.0,3,891.7,0.17,0
13139.0,3,4308.06,0.19,0
13140.0,3,951.47,0.25,0
13141.0,16,6680.86,0.02,0
13143.0,1,405.1,0.72,1
13144.0,2,135.35,0.61,1
13145.0,4,1100.0,0.23,0
13148.0,22,7184.46,0.05,0
13149.0,2,882.9,0.17,0
13150.0,3,449.96999999999997,0.78,1
13151.0,3,2580.7400000000002,0.85,1
13152.0,7,2146.38,0.73,1
13154.0,3,1624.84,0.85,1
13155.0,4,1347.6200000000001,0.44,0
13156.0,3,1586.54,0.79,1
13157.0,8,4819.34,0.02,0
13158.0,3,869.95,0.22,0
13161.0,2,478.88,0.82,1
13162.0,15,8892.64,0.05,0
13163.0,1,17.65,0.98,1
13164.0,2,372.2,0.79,1
13165.0,2,784.3199999999999,0.23,0
13166.0,2,884.1800000000001,0.88,1
13167.0,2,576.73,0.22,0
13168.0,4,1528.78,0.1,0
13169.0,2,632.4,0.17,0
13171.0,1,140.35,0.22,0
13172.0,1,69.6,1.0,1
13173.0,10,2451.64,0.1,0
13174.0,11,8786.08,0.06,0
13175.0,2,831.45,0.56,1
13177.0,1,229.75,0.24,0
13178.0,17,11929.65,0.03,0
13179.0,1,572.3100000000001,0.87,1
13180.0,1,86.1,0.84,1
13181.0,1,359.69,0.96,1
13183.0,11,5261.42,0.07,0
13184.0,7,1314.99,0.08,0
13185.0,1,71.4,0.99,1
13187.0,4,367.01,0.87,1
13190.0,3,570.66,0.79,1
13191.0,1,164.69,0.86,1
13192.0,5,2110.96,0.58,0
13194.0,2,472.78,0.68,1
13195.0,1,172.38,0.95,1
13196.0,4,1783.19,0.09,0
13197.0,1,373.01,0.99,1
13198.0,6,4092.31,0.09,0
13199.0,48,10967.53,0.15,0
13201.0,4,1240.6100000000001,0.78,1
13202.0,7,1580.3,0.73,1
13203.0,7,1944.5,0.12,0
13204.0,1,966.6600000000001,0.78,1
13205.0,1,2803.2,0.86,1
13206.0,13,8377.32,0.6,1
13207.0,3,483.12000000000006,0.57,0
13208.0,7,1599.67,0.12,0
13209.0,9,6178.72,0.09,0
13211.0,8,1642.6,0.45,0
13213.0,9,2882.4700000000003,0.02,0
13214.0,7,3264.23,0.75,1
13215.0,1,81.6,1.0,1
13216.0,1,333.74,0.93,1
13217.0,2,217.5,0.3,0
13219.0,1,76.23,0.97,1
13220.0,4,1243.29,0.14,0
13221.0,2,847.41,0.85,1
13222.0,1,88.5,0.9,1
13223.0,6,969.12,0.52,1
13224.0,1,1212.26,0.29,0
13225.0,14,14095.79,0.12,0
13226.0,2,312.46,0.68,1
13227.0,1,257.7,0.85,1
13229.0,1,160.95,0.91,1
13230.0,28,5787.99,0.0,0
13232.0,4,878.45,0.23,0
13233.0,3,875.58,0.25,0
13234.0,2,356.95,0.85,1
13235.0,1,1031.07,0.9,1
13237.0,1,643.0,0.65,1
13238.0,4,624.75,0.17,0
13239.0,5,1594.69,0.78,1
13240.0,7,1628.48,0.29,0
13241.0,1,115.58,0.82,1
13242.0,6,533.0,0.17,0
13243.0,5,1278.04,0.28,1
13245.0,1,558.72,0.2,0
13246.0,10,3261.12,0.06,0
13248.0,1,387.47,0.67,0
13249.0,7,1189.36,0.18,0
13250.0,2,256.04,0.84,1
13251.0,1,252.68,0.95,1
13252.0,2,399.3,0.95,1
13253.0,4,2951.11,0.37,1
13254.0,1,51.41,0.95,1
13255.0,2,730.65,0.21,0
13257.0,1,149.75,0.89,1
13258.0,3,561.22,0.2,0
13259.0,8,1141.06,0.06,0
13261.0,2,944.1,0.86,1
13262.0,3,573.45,0.46,1
13263.0,24,5536.31,0.09,0
13264.0,1,722.5600000000001,0.33,1
13265.0,3,1465.66,0.04,0
13266.0,14,4502.43,0.0,0
13267.0,30,7724.360000000001,0.0,0
13268.0,6,2150.25,0.17,0
13269.0,20,6211.24,0.0,0
13270.0,1,1180.0,0.98,1
13274.0,1,360.85,1.0,1
13275.0,2,241.66,0.88,1
13276.0,3,1348.33,0.21,0
13277.0,3,264.9,0.27,0
13278.0,3,893.12,0.6,0
13280.0,6,2207.13,0.03,0
13281.0,1,350.85,0.97,1
13282.0,3,954.15,0.22,0
13283.0,3,305.20000000000005,0.21,0
13284.0,1,201.19,0.93,1
13285.0,5,2625.57,0.14,0
13286.0,1,734.91,0.93,1
13287.0,3,781.59,0.88,1
13288.0,5,927.61,0.81,1
13289.0,1,307.95,0.95,1
13290.0,1,208.63,0.56,1
13291.0,11,3320.84,0.7,1
13292.0,4,665.14,0.24,0
13293.0,6,1192.94,0.92,1
13294.0,3,1689.53,0.88,1
13295.0,4,1101.97,0.82,1
13296.0,6,792.51,0.87,1
13297.0,3,2278.77,0.44,0
13299.0,3,1218.7,0.8,1
13300.0,3,1285.51,0.9,1
13301.0,3,480.9,0.14,0
13302.0,2,159.2,0.61,1
13303.0,1,61.72,0.96,1
13304.0,4,1217.99,0.48,1
13305.0,11,2645.0499999999997,0.08,0
13306.0,1,53.65,0.92,1
13307.0,2,258.34,0.38,0
13308.0,2,1099.81,0.14,0
13309.0,3,796.22,0.46,0
13310.0,4,1226.82,0.27,0
13311.0,1,490.11,0.66,0
13312.0,1,124.75,1.0,1
13313.0,10,2808.34,0.02,0
13315.0,1,310.26,0.73,1
13316.0,7,8836.32,0.52,0
13317.0,18,5526.391,0.05,0
13319.0,49,17787.82,0.03,0
13320.0,4,1188.01,0.2,0
13324.0,15,7190.51,0.02,0
13326.0,1,281.76,0.7,1
13327.0,18,8608.16,0.01,0
13328.0,1,1308.48,0.91,1
13329.0,7,4628.17,0.01,0
13330.0,5,2393.47,0.09,0
13331.0,1,262.4,0.81,1
13333.0,3,1015.74,0.91,1
13334.0,4,5458.77,0.19,0
13337.0,1,1575.26,0.83,1
13338.0,4,2445.62,0.72,1
13339.0,1,860.12,0.84,1
13340.0,8,16335.0,0.09,0
13341.0,1,775.85,0.67,1
13343.0,1,353.43,0.65,1
13344.0,1,1656.15,0.18,0
13345.0,1,389.5,0.9,1
13346.0,6,299.4,0.89,1
13357.0,5,3838.36,0.12,1
13358.0,1,439.03,0.94,1
13359.0,1,603.75,0.29,0
13360.0,4,1553.65,0.72,1
13361.0,2,1450.5,0.88,1
13362.0,5,3884.86,0.27,0
13363.0,1,731.36,0.26,0
13365.0,1,700.6,0.13,0
13367.0,1,510.2,0.73,1
13368.0,4,1121.5,0.46,1
13369.0,1,616.5600000000001,0.9,1
13370.0,1,1509.74,0.84,1
13371.0,2,2297.66,0.83,1
13373.0,5,6330.52,0.05,0
13374.0,2,422.8,0.93,1
13375.0,1,1013.58,0.77,0
13376.0,2,770.0,0.26,0
13377.0,2,1552.88,0.89,1
13379.0,1,136.29,0.35,0
13380.0,1,62.4,0.95,1
13381.0,9,6366.15,0.03,0
13382.0,5,1387.58,0.72,1
13383.0,1,305.28000000000003,0.99,1
13384.0,5,3701.5,0.45,0
13385.0,1,534.57,0.88,1
13386.0,2,835.46,0.89,1
13387.0,1,189.44,0.76,1
13388.0,1,508.55,0.28,0
13389.0,1,257.89,0.26,0
13391.0,1,59.8,0.89,1
13392.0,1,91.14,0.98,1
13393.0,4,1131.45,0.61,1
13394.0,15,5338.27,0.01,0
13395.0,3,1180.23,0.84,1
13396.0,1,387.27000000000004,0.26,0
13397.0,8,2628.21,0.05,0
13398.0,2,670.34,0.94,1
13399.0,3,275.4,0.88,1
13400.0,1,310.83,0.9,1
13402.0,3,1222.18,0.21,0
13403.0,2,154.5,0.29,0
13404.0,1,217.81,0.16,0
13405.0,5,1198.81,0.13,0
13406.0,2,568.92,0.72,1
13407.0,3,2244.7,0.48,1
13408.0,78,38936.522,0.05,0
13410.0,7,1743.94,0.09,0
13412.0,1,487.35,0.74,1
13413.0,6,429.44,0.72,1
13414.0,5,1961.3400000000001,0.12,0
13415.0,4,800.67,0.8,1
13416.0,1,228.3,0.25,0
13417.0,5,1264.66,0.21,0
13418.0,26,10185.11,0.02,0
13420.0,2,159.85,0.97,1
13421.0,7,3077.08,0.11,0
13423.0,1,217.03,0.36,1
13424.0,1,572.77,0.9,1
13425.0,4,2954.07,0.09,0
13426.0,17,6084.74,0.02,0
13427.0,4,638.4300000000001,0.52,0
13428.0,2,281.51,0.37,0
13431.0,6,2047.14,0.07,0
13432.0,2,439.1,0.51,1
13433.0,4,658.3199999999999,0.8,1
13434.0,3,1132.6200000000001,0.09,0
13435.0,3,1109.06,0.23,0
13437.0,2,1661.73,0.18,0
13438.0,1,46.5,0.79,1
13439.0,3,986.61,0.82,1
13440.0,7,1295.25,0.84,1
13441.0,1,424.26,0.11,0
13442.0,3,419.87,0.9,1
13443.0,6,1280.16,0.71,1
13444.0,2,631.6800000000001,0.52,1
13445.0,1,241.89999999999998,0.95,1
13446.0,11,3881.89,0.76,1
13448.0,11,7124.76,0.04,0
13450.0,10,3195.5,0.09,0
13451.0,9,5867.15,0.04,0
13452.0,3,729.8,0.95,1
13453.0,3,781.69,0.82,1
13454.0,1,219.87,0.94,1
13455.0,5,2540.53,0.12,0
13456.0,3,855.0600000000001,0.2,0
13457.0,2,148.22,0.95,1
13458.0,11,9668.14,0.07,0
13459.0,2,1160.41,0.84,1
13461.0,5,3599.2,0.09,0
13462.0,5,1153.8500000000001,0.87,1
13464.0,5,2422.96,0.16,0
13465.0,2,931.12,0.88,1
13466.0,5,1013.35,0.87,1
13468.0,59,11605.800000000001,0.06,0
13469.0,1,82.4,0.98,1
13472.0,2,592.24,0.8,1
13473.0,7,2476.38,0.09,0
13474.0,3,663.79,0.81,1
13475.0,4,1431.78,0.51,1
13476.0,5,2061.4700000000003,0.72,1
13477.0,9,2279.14,0.09,0
13478.0,5,2215.78,0.69,1
13479.0,4,851.37,0.89,1
13480.0,2,627.82,0.88,1
13481.0,8,3005.27,0.04,0
13482.0,2,336.09000000000003,0.85,1
13484.0,3,790.72,0.82,1
13485.0,11,3019.2200000000003,0.68,1
13486.0,1,202.16,0.23,0
13487.0,4,680.27,0.21,0
13488.0,18,12573.59,0.0,0
13489.0,3,287.04,0.61,0
13490.0,1,154.25,0.98,1
13491.0,26,4439.1900000000005,0.03,0
13492.0,3,1269.84,0.86,1
13493.0,2,618.63,0.78,1
13494.0,1,316.26000000000005,0.75,1
13495.0,8,4401.82,0.01,0
13496.0,1,501.01,0.23,0
13497.0,6,1320.3300000000002,0.56,1
13498.0,1,327.38,0.9,1
13499.0,2,463.79,0.26,0
13500.0,1,299.53,0.12,0
13501.0,3,2885.11,0.8,1
13502.0,4,677.66,0.17,0
13503.0,5,1688.54,0.07,0
13505.0,3,2583.12,0.26,0
13506.0,5,1639.2,0.69,1
13507.0,1,1242.38,0.18,0
13508.0,2,287.05,0.91,1
13509.0,5,800.02,0.19,0
13510.0,8,3352.05,0.08,0
13511.0,1,282.76,0.89,1
13512.0,4,713.39,0.75,1
13513.0,2,619.49,0.23,0
13514.0,3,663.7,0.24,0
13515.0,4,710.26,0.71,0
13516.0,2,441.85,0.34,0
13517.0,1,1101.8600000000001,0.17,0
13519.0,1,220.46,0.08,0
13520.0,10,6233.03,0.05,0
13523.0,4,3505.88,0.17,0
13524.0,2,247.70000000000002,0.31,0
13525.0,1,282.88,0.37,0
13526.0,2,1182.0,0.69,1
13527.0,7,2981.87,0.11,0
13529.0,1,181.1,0.33,0
13530.0,1,402.98,0.97,1
13531.0,6,1738.52,0.83,1
13533.0,3,270.79,0.83,1
13534.0,29,5522.15,0.02,0
13535.0,1,89.5,0.77,1
13537.0,2,717.85,0.76,1
13538.0,9,2546.78,0.08,0
13539.0,6,1253.67,0.18,0
13540.0,3,632.39,0.78,1
13541.0,2,785.25,0.84,1
13542.0,17,4006.17,0.76,1
13543.0,2,1439.61,0.86,1
13544.0,5,660.5,0.22,0
13545.0,2,374.64,0.87,1
13546.0,3,653.31,0.41,0
13547.0,1,175.53,0.96,1
13548.0,2,507.59,0.49,0
13549.0,6,849.6500000000001,0.12,0
13550.0,1,349.51,0.97,1
13551.0,2,244.2,0.92,1
13552.0,17,5517.94,0.01,0
13553.0,1,517.8,0.53,1
13554.0,7,1638.28,0.31,1
13555.0,11,6439.96,0.02,0
13556.0,2,200.82,0.96,1
13557.0,12,2688.88,0.02,0
13559.0,2,990.0,0.97,1
13561.0,11,1820.72,0.77,1
13562.0,7,4248.58,0.12,0
13563.0,1,310.88,0.3,0
13564.0,37,17249.55,0.01,1
13565.0,2,284.76,0.28,0
13566.0,3,833.41,0.11,0
13567.0,4,1083.69,0.82,1
13568.0,1,192.85,0.95,1
13569.0,3,638.35,0.17,0
13570.0,1,239.49,0.95,1
13571.0,19,3088.11,0.03,0
13572.0,1,1384.25,0.95,1
13573.0,5,653.84,0.08,0
13574.0,1,421.25,0.39,1
13575.0,1,88.55,0.32,0
13576.0,21,9019.57,0.0,0
13577.0,9,2623.78,0.1,0
13578.0,1,147.66,0.97,1
13579.0,4,1236.7,0.57,0
13580.0,1,107.75,0.88,1
13581.0,2,280.53000000000003,0.85,1
13582.0,2,241.68,0.85,1
13583.0,2,1445.031,0.61,1
13584.0,3,392.45,0.95,1
13585.0,3,684.54,0.87,1
13586.0,1,131.53,0.68,1
13587.0,3,961.1,0.23,0
13588.0,2,604.3,0.53,0
13589.0,5,888.09,0.14,0
13590.0,16,5484.05,0.01,0
13591.0,6,1753.04,0.25,0
13592.0,3,205.51,0.84,0
13593.0,13,4877.860000000001,0.06,0
13594.0,1,136.35,0.31,0
13595.0,3,818.22,0.46,1
13597.0,2,396.71000000000004,0.93,1
13598.0,4,609.42,0.12,0
13599.0,20,7327.8,0.02,0
13600.0,2,518.42,0.78,1
13601.0,3,865.02,0.12,0
13602.0,3,596.28,0.57,0
13604.0,1,717.62,0.93,1
13605.0,2,522.67,0.39,1
13606.0,2,250.42,0.28,0
13607.0,1,400.3,0.26,0
13608.0,1,236.2,0.73,1
13609.0,1,167.35,0.94,1
13610.0,11,1691.76,0.14,0
13611.0,9,2784.4500000000003,0.12,0
13612.0,1,818.29,0.93,1
13613.0,5,1039.8500000000001,0.6,1
13614.0,4,1543.71,0.09,0
13615.0,8,6272.53,0.65,1
13616.0,2,288.09999999999997,0.84,1
13617.0,6,865.68,0.08,0
13618.0,1,177.34,0.97,1
13619.0,2,231.69,0.88,1
13620.0,1,112.34,0.97,1
13622.0,1,658.95,0.87,1
13623.0,9,2370.63,0.13,0
13624.0,1,462.08,0.86,1
13625.0,1,301.26,0.85,1
13626.0,2,707.04,0.86,1
13627.0,5,1634.43,0.19,0
13628.0,1,310.14,0.96,1
13629.0,15,10475.86,0.02,0
13630.0,4,1059.54,0.51,0
13631.0,10,3017.92,0.28,0
13632.0,6,2341.48,0.45,0
13634.0,13,4123.72,0.02,0
13635.0,3,1928.13,0.26,0
13636.0,3,541.45,0.28,0
13637.0,2,684.85,0.25,0
13639.0,1,312.93,0.22,0
13640.0,1,405.0,0.89,1
13641.0,5,1016.47,0.84,1
13642.0,4,514.72,0.84,1
13643.0,8,1725.23,0.51,0
13646.0,2,326.25,0.84,1
13647.0,6,2197.42,0.1,0
13648.0,8,1764.02,0.8,1
13649.0,6,1678.88,0.74,1
13650.0,6,2197.18,0.08,0
13651.0,1,132.65,0.96,0
13652.0,4,2114.01,0.11,0
13653.0,1,152.2,0.97,1
13654.0,9,5314.94,0.02,0
13655.0,5,1731.19,0.44,0
13656.0,4,1078.85,0.88,1
13657.0,1,152.34,0.97,0
13658.0,5,4319.63,0.19,0
13659.0,12,4894.88,0.72,1
13660.0,1,314.59000000000003,0.86,1
13661.0,1,325.24,0.95,1
13662.0,10,1885.29,0.37,0
13663.0,5,2047.51,0.74,1
13665.0,3,1711.66,0.45,1
13666.0,4,107.3,0.28,0
13667.0,1,305.02,0.82,1
13668.0,29,11230.11,0.03,0
13669.0,2,243.15,0.28,0
13671.0,1,194.95,0.79,1
13672.0,3,419.92,0.89,1
13674.0,1,240.68,0.83,1
13675.0,2,486.82000000000005,0.87,1
13676.0,2,243.9,0.84,1
13677.0,2,556.1899999999999,0.8,1
13678.0,1,232.6,0.92,1
13679.0,3,281.26,0.51,1
13680.0,10,10104.84,0.01,0
13681.0,1,203.46,0.91,0
13682.0,1,59.5,0.98,1
13683.0,1,258.6,0.86,1
13684.0,4,596.98,0.87,1
13686.0,3,409.04,0.83,1
13687.0,1,11880.84,0.95,1
13688.0,1,375.5,0.95,1
13689.0,1,349.5,0.27,0
13691.0,1,212.78,0.98,1
13692.0,4,2497.66,0.29,0
13693.0,9,2011.8200000000002,0.79,1
13694.0,125,167646.44,0.03,0
13695.0,9,1251.1,0.16,0
13696.0,3,2020.4,0.89,1
13698.0,2,465.53000000000003,0.78,1
13699.0,2,764.15,0.88,1
13700.0,9,1594.14,0.21,0
13701.0,1,161.0,0.98,1
13702.0,1,135.18,1.0,1
13703.0,2,425.56,0.83,1
13705.0,6,1846.15,0.15,0
13706.0,2,631.1700000000001,0.96,1
13707.0,5,3365.86,0.64,1
13708.0,1,296.88,0.98,1
13709.0,8,2802.78,0.07,0
13710.0,2,329.04,0.16,0
13711.0,9,1792.26,0.8,1
13712.0,2,766.42,0.74,1
13713.0,3,743.26,0.78,1
13714.0,1,161.35,0.99,1
13715.0,17,8483.29,0.73,1
13716.0,1,138.28,0.96,1
13717.0,5,1072.51,0.5,0
13718.0,2,306.55,0.89,1
13719.0,8,2112.31,0.1,0
13720.0,3,552.55,0.18,0
13721.0,1,217.4,0.2,0
13722.0,8,4723.47,0.09,0
13723.0,6,1209.2,0.88,1
13724.0,1,213.01,0.93,1
13725.0,7,1865.7,0.13,0
13727.0,6,746.57,0.49,0
13728.0,14,2474.11,0.01,0
13729.0,3,724.73,0.86,1
13730.0,2,752.6,0.88,1
13731.0,2,610.59,0.89,1
13733.0,2,487.03000000000003,0.92,1
13734.0,4,6701.64,0.91,1
13735.0,11,8337.67,0.02,0
13736.0,6,2391.84,0.19,0
13737.0,1,339.59999999999997,0.95,1
13738.0,1,440.93,0.46,1
13739.0,1,75.3,0.35,0
13740.0,5,1597.77,0.82,1
13741.0,2,363.13,0.26,0
13742.0,10,2648.7200000000003,0.14,0
13743.0,3,628.9200000000001,0.7,0
13744.0,1,893.16,0.45,0
13745.0,2,777.36,0.56,1
13746.0,1,176.69,0.98,1
13747.0,2,249.39999999999998,0.92,1
13748.0,7,1900.95,0.06,0
13750.0,10,3271.55,0.06,0
13751.0,1,296.25,0.93,1
13752.0,6,1386.58,0.48,0
13753.0,4,2094.57,0.74,1
13754.0,3,447.05,0.87,1
13756.0,15,6254.820000000001,0.02,0
13757.0,1,195.55,0.93,1
13758.0,13,8577.95,0.02,0
13760.0,4,1211.94,0.23,0
13761.0,5,1373.23,0.22,0
13762.0,5,2472.48,0.79,1
13763.0,2,3502.48,0.17,0
13764.0,5,2377.13,0.1,0
13765.0,1,352.821,0.75,1
13766.0,1,190.35,0.89,1
13767.0,61,26706.22,0.01,0
13768.0,2,875.97,0.86,1
13769.0,15,4451.92,0.04,0
13770.0,4,785.37,0.87,1
13771.0,7,4559.22,0.05,0
13772.0,6,2210.51,0.11,0
13773.0,2,301.54,0.75,1
13775.0,1,1049.66,0.84,1
13776.0,2,623.98,0.97,1
13777.0,51,42535.28,0.08,0
13778.0,3,945.79,0.62,0
13779.0,1,161.13,0.98,1
13780.0,2,492.09000000000003,0.2,0
13781.0,3,778.83,0.88,1
13782.0,9,1243.02,0.11,0
13783.0,4,1542.09,0.49,1
13784.0,10,2079.83,0.32,0
13785.0,4,542.49,0.92,1
13786.0,6,3358.94,0.68,1
13787.0,5,1019.86,0.31,0
13788.0,1,3.75,0.99,1
13789.0,1,239.46,0.77,1
13791.0,1,937.0,0.2,0
13792.0,2,263.0,0.19,0
13793.0,1,96.0,0.89,1
13794.0,1,126.03,0.98,1
13795.0,4,836.3,0.5,1
13796.0,1,289.7,0.96,1
13797.0,3,1179.45,0.79,1
13798.0,91,64716.44,0.02,0
13799.0,8,2456.41,0.02,0
13800.0,3,1679.56,0.86,1
13802.0,19,26259.11,0.59,1
13803.0,3,1338.91,0.96,1
13804.0,5,1927.84,0.1,0
13807.0,3,534.8,0.83,1
13809.0,3,679.6999999999999,0.77,1
13811.0,3,814.5,0.68,1
13813.0,5,1783.75,0.18,0
13814.0,2,1295.74,0.28,0
13815.0,6,6426.13,0.03,0
13817.0,1,128.7,0.96,0
13818.0,1,61.28,0.96,1
13819.0,6,2642.35,0.74,1
13820.0,3,660.65,0.73,1
13821.0,6,1410.73,0.7,1
13823.0,5,2445.79,0.08,0
13824.0,11,3045.6600000000003,0.03,0
13825.0,2,255.59,0.82,1
13826.0,1,189.5,0.89,1
13827.0,1,112.74,0.89,0
13829.0,1,102.0,0.98,1
13830.0,1,156.85000000000002,0.97,1
13831.0,16,6275.98,0.01,0
13832.0,1,561.49,0.31,0
13833.0,2,701.36,0.89,1
13834.0,2,324.19,0.89,1
13835.0,5,798.04,0.23,0
13836.0,2,620.37,0.92,1
13837.0,2,271.24,0.56,1
13838.0,7,1512.47,0.11,0
13839.0,1,139.95000000000002,0.78,1
13840.0,1,651.4,0.94,1
13841.0,1,85.0,0.93,1
13842.0,16,4409.56,0.01,0
13843.0,1,319.75,0.86,1
13846.0,3,1106.66,0.52,0
13847.0,1,310.72,0.58,1
13848.0,7,3015.0,0.14,0
13849.0,4,2524.93,0.56,0
13851.0,6,2201.32,0.08,0
13852.0,1,187.35000000000002,0.85,1
13854.0,32,9967.28,0.07,0
13855.0,4,1310.3400000000001,0.87,1
13856.0,11,1142.03,0.28,1
13857.0,6,1001.01,0.81,1
13859.0,2,515.86,0.83,1
13861.0,2,273.26,0.89,1
13862.0,6,1800.1,0.37,0
13863.0,4,1239.55,0.82,1
13864.0,1,662.4000000000001,0.97,1
13865.0,3,383.34000000000003,0.27,0
13867.0,1,138.85,0.37,0
13869.0,9,6591.58,0.07,0
13870.0,11,4308.45,0.04,0
13871.0,11,5126.49,0.09,0
13872.0,3,919.57,0.79,1
13873.0,7,879.72,0.45,0
13874.0,7,2049.15,0.69,1
13875.0,12,4095.46,0.1,0
13877.0,2,332.44,0.2,0
13878.0,3,1191.53,0.26,0
13879.0,1,395.5,0.85,1
13880.0,12,2852.65,0.03,0
13881.0,31,33800.98,0.01,0
13883.0,14,5628.32,0.02,0
13884.0,8,1297.13,0.1,0
13885.0,2,506.8,0.87,1
13887.0,1,349.55,0.73,1
13888.0,6,1802.94,0.38,0
13889.0,5,1574.3300000000002,0.0,0
13890.0,5,1233.92,0.53,0
13891.0,3,863.5600000000001,0.83,1
13892.0,3,689.1999999999999,0.09,0
13893.0,1,821.1,0.9,1
13894.0,1,160.85,0.36,0
13895.0,4,2352.75,0.23,0
13896.0,1,388.55,0.83,1
13897.0,2,849.5600000000001,0.17,0
13898.0,2,686.4,0.75,1
13899.0,1,298.5,0.32,0
13900.0,6,1610.59,0.39,1
13901.0,13,5018.53,0.01,0
13902.0,5,34095.26,0.84,1
13903.0,1,165.45000000000002,0.98,1
13904.0,1,201.12,0.29,0
13905.0,1,312.65000000000003,0.87,1
13906.0,1,42.0,0.97,1
13907.0,1,136.8,0.98,1
13908.0,2,831.11,0.38,0
13909.0,2,286.6,0.79,1
13911.0,19,4091.71,0.05,0
13912.0,1,124.95,0.97,1
13913.0,1,42.22,0.99,1
13915.0,1,70.80000000000001,0.99,1
13916.0,4,1275.81,0.81,1
13917.0,1,65.38,0.44,0
13918.0,1,198.20000000000002,0.72,0
13919.0,2,975.87,0.57,0
13920.0,4,1774.68,0.77,1
13921.0,4,730.7,0.86,1
13922.0,3,865.2,0.89,1
13925.0,1,380.12,0.33,0
13927.0,1,359.27,0.29,0
13929.0,11,3494.1,0.67,1
13930.0,1,210.0,0.23,0
13931.0,10,4398.06,0.12,0
13932.0,1,307.4,0.94,1
13933.0,1,300.99,0.18,0
13934.0,1,922.1,0.92,1
13935.0,3,6116.92,0.88,1
13936.0,3,939.66,0.54,1
13937.0,2,880.13,0.84,1
13939.0,5,1176.91,0.15,0
13940.0,1,218.62,0.86,0
13941.0,13,8840.6,0.11,0
13942.0,1,320.0,0.96,1
13943.0,1,246.54000000000002,0.94,1
13944.0,1,200.43,0.8,1
13945.0,2,854.15,0.89,1
13946.0,5,1800.63,0.3,0
13948.0,4,548.76,0.62,1
13950.0,1,179.31,0.33,0
13951.0,3,674.45,0.8,1
13952.0,14,12823.521,0.6,1
13953.0,9,5375.0,0.12,0
13955.0,3,545.17,0.77,1
13956.0,3,680.27,0.44,0
13957.0,3,458.25,0.82,1
13958.0,8,4709.2300000000005,0.68,1
13959.0,5,815.42,0.26,0
13961.0,1,538.4,0.95,1
13962.0,2,310.85,0.23,0
13963.0,17,3011.87,0.81,1
13964.0,2,438.9,0.83,1
13965.0,3,996.61,0.81,1
13966.0,1,390.86,0.65,1
13967.0,2,166.3,0.74,1
13968.0,1,123.66,0.99,1
13969.0,26,7215.13,0.0,0
13970.0,2,846.55,0.76,1
13971.0,10,3190.29,0.04,0
13972.0,1,145.9,0.33,0
13973.0,1,264.7,0.81,1
13974.0,1,264.13,0.21,0
13975.0,8,3794.17,0.02,0
13976.0,4,1192.3600000000001,0.89,1
13977.0,1,519.81,0.7,1
13979.0,6,2546.36,0.09,0
13980.0,4,599.78,0.15,0
13981.0,1,331.14,0.87,1
13982.0,8,3803.92,0.1,0
13983.0,17,6186.08,0.01,0
13984.0,10,1845.32,0.07,0
13985.0,11,4563.41,0.04,0
13987.0,2,682.54,0.86,1
13988.0,5,2533.34,0.11,0
13989.0,4,1656.65,0.14,0
13990.0,1,311.3,0.96,1
13991.0,1,126.35,0.95,0
13992.0,2,142.7,0.37,0
13993.0,15,5337.76,0.01,0
13994.0,1,288.57,0.29,0
13995.0,11,3227.02,0.06,0
13996.0,2,895.76,0.91,1
13997.0,3,382.31,0.9,1
13998.0,3,566.7,0.73,1
13999.0,24,7828.05,0.03,0
14000.0,5,2046.3400000000001,0.34,1
14001.0,8,3796.15,0.06,0
14002.0,1,224.79,0.24,0
14003.0,1,209.41,0.86,1
14004.0,6,3156.17,0.06,0
14005.0,2,331.46,0.54,0
14006.0,6,1896.57,0.1,0
14007.0,1,79.48,0.99,1
14008.0,1,509.04,0.89,1
14009.0,3,1099.91,0.78,1
14010.0,2,445.15,0.87,1
14011.0,2,457.82,0.77,1
14012.0,1,328.8,0.79,1
14013.0,4,885.35,0.63,0
14014.0,2,1443.03,0.35,0
14016.0,11,11403.41,0.62,1
14017.0,1,229.75,0.85,1
14018.0,1,367.15000000000003,0.96,1
14019.0,1,384.29,0.29,0
14020.0,2,606.21,0.28,0
14021.0,7,1716.58,0.42,1
14022.0,2,792.15,0.81,1
14023.0,1,273.14,0.18,0
14024.0,1,318.04,0.32,0
14025.0,8,4057.9,0.7,1
14026.0,2,713.11,0.55,1
14028.0,3,10396.5,0.94,1
14029.0,1,165.2,0.7,0
14030.0,17,7337.22,0.15,0
14031.0,37,32530.23,0.02,0
14032.0,11,3720.05,0.0,0
14033.0,1,109.44,0.9535927506738546,1
14034.0,2,473.90999999999997,0.7,0
14035.0,6,2129.28,0.35,0
14036.0,1,626.65,0.89,1
14037.0,6,836.95,0.4,1
14038.0,4,2595.92,0.17,0
14039.0,1,115.08000000000001,0.36,0
14040.0,30,11138.66,0.01,0
14041.0,1,141.41,0.93,1
14042.0,1,431.98,0.48,1
14043.0,2,304.25,0.93,1
14044.0,8,2815.46,0.19,0
14045.0,15,10905.03,0.0,0
14046.0,1,154.99,0.75,1
14047.0,12,3582.34,0.18,0
14048.0,3,748.69,0.69,1
14049.0,12,10842.7,0.06,0
14051.0,28,14768.25,0.05,0
14052.0,1,255.45,0.34,0
14053.0,3,466.3,0.23,0
14055.0,2,795.3199999999999,0.14,0
14056.0,13,4695.43,0.05,0
14057.0,15,5790.2699999999995,0.0,0
14058.0,2,469.19,0.89,1
14059.0,1,183.6,0.93,1
14060.0,23,6963.34,0.01,0
14061.0,3,917.4300000000001,0.73,1
14062.0,20,21232.46,0.09,0
14063.0,9,22710.2,0.36,1
14064.0,13,2820.84,0.05,0
14065.0,3,891.02,0.8,1
14066.0,1,152.55,0.95,1
14068.0,4,1528.3700000000001,0.98,1
14069.0,2,230.06,0.78,1
14070.0,1,326.55,0.88,1
14071.0,2,356.81,0.34,0
14072.0,1,390.85,0.87,1
14074.0,1,219.4,0.9,1
14075.0,4,1100.53,0.19,0
14077.0,4,426.06,0.27,0
14078.0,8,1471.1699999999998,0.22,0
14079.0,1,243.63,0.32,0
14080.0,4,1070.08,0.28,0
14081.0,10,5370.1,0.62,1
14082.0,2,413.36,0.93,1
14083.0,7,878.3,0.63,0
14084.0,1,150.5,0.95,1
14085.0,27,8904.62,0.0,0
14086.0,1,39.95,0.91,1
14087.0,2,651.8,0.19,0
14088.0,9,38048.0,0.1,0
14090.0,1,76.32000000000001,1.0,1
14091.0,2,9530.08,0.82,1
14092.0,18,5229.8,0.02,0
14094.0,1,335.22,0.41,1
14095.0,1,2.95,0.89,1
14097.0,2,422.86,0.84,1
14099.0,16,4622.4400000000005,0.08,0
14100.0,1,194.9,0.91,1
14101.0,12,8929.53,0.2,0
14104.0,5,771.58,0.83,1
14105.0,5,5988.83,0.59,1
14106.0,1,214.8,0.89,1
14107.0,9,4010.91,0.06,0
14108.0,2,447.05,0.22,0
14110.0,25,9703.44,0.0,0
14111.0,1,94.2,0.27,0
14112.0,9,4071.94,0.02,0
14113.0,13,5685.6900000000005,0.08,0
14114.0,7,1364.09,0.75,1
14115.0,2,622.67,0.81,1
14117.0,1,90.0,0.87,1
14118.0,1,458.45,0.88,1
14119.0,2,183.37,0.9,1
14122.0,3,362.42,0.93,1
14123.0,1,436.18,0.9,1
14126.0,1,466.33000000000004,0.61,0
14127.0,5,1642.6000000000001,0.21,0
14128.0,2,592.25,0.5,0
14129.0,5,1826.38,0.05,0
14130.0,4,1882.67,0.72,1
14131.0,1,187.87,0.91,1
14132.0,3,912.42,0.16,0
14133.0,2,623.5,0.19,0
14134.0,15,11123.35,0.57,1
14135.0,18,7395.07,0.0,0
14136.0,5,1570.81,0.75,1
14137.0,1,332.7,0.91,1
14139.0,3,670.98,0.24,0
14142.0,2,983.15,0.75,1
14144.0,1,30.6,0.87,1
14145.0,6,6709.05,0.45,0
14146.0,9,7163.03,0.03,0
14147.0,8,2289.6,0.16,0
14148.0,2,466.29,0.87,1
14149.0,1,446.62,0.94,1
14150.0,1,306.18,0.26,0
14151.0,2,679.45,0.84,1
14152.0,6,1690.56,0.25,0
14153.0,1,233.39999999999998,0.92,1
14154.0,8,6460.7,0.68,1
14155.0,1,118.75,0.99,1
14156.0,130,263232.49,0.01,0
14157.0,4,847.07,0.13,0
14159.0,15,5429.21,0.06,0
14160.0,7,8421.47,0.74,1
14161.0,7,3318.88,0.68,1
14162.0,2,289.36,0.83,1
14163.0,4,1808.1000000000001,0.08,0
14165.0,1,122.53999999999999,0.92,1
14166.0,2,256.85,0.71,1
14167.0,7,1123.75,0.15,0
14168.0,2,370.45,0.88,1
14169.0,2,624.4300000000001,0.54,1
14170.0,3,597.33,0.77,1
14171.0,1,135.0,0.83,0
14172.0,3,402.72,0.71,1
14173.0,3,249.2,0.25,0
14175.0,7,5662.57,0.17,0
14176.0,5,916.01,0.88,1
14177.0,10,1788.01,0.55,0
14178.0,2,312.89,0.25,0
14180.0,27,5371.45,0.15,0
14181.0,2,310.55,0.76,1
14182.0,4,678.77,0.83,1
14183.0,2,286.29,0.78,1
14185.0,1,197.65,0.94,1
14186.0,5,1550.63,0.34,1
14187.0,1,123.5,0.96,1
14188.0,3,1090.3600000000001,0.25,0
14189.0,10,3637.84,0.37,0
14190.0,1,79.9,0.99,1
14191.0,6,1238.5,0.14,0
14192.0,1,293.74,0.82,1
14193.0,2,779.34,0.58,0
14194.0,25,11848.72,0.02,0
14195.0,6,2615.6,0.77,1
14197.0,1,390.05,0.89,1
14198.0,7,1225.28,0.27,0
14199.0,4,1091.7,0.76,1
14200.0,1,379.2,0.87,1
14201.0,8,967.34,0.38,0
14202.0,3,847.76,0.91,1
14203.0,1,339.34,0.98,1
14204.0,3,901.9300000000001,0.22,0
14205.0,8,2170.4,0.07,0
14206.0,3,1185.01,0.66,1
14207.0,1,157.8,0.95,1
14208.0,1,415.31,0.17,0
14209.0,13,4441.49,0.14,0
14210.0,15,5555.33,0.04,0
14211.0,14,3071.08,0.0,0
14212.0,1,1119.66,0.32,0
14213.0,1,1192.2,0.93,1
14214.0,3,899.16,0.23,0
14215.0,7,2724.88,0.16,0
14216.0,1,310.74,0.18,0
14217.0,15,2496.91,0.05,0
14219.0,2,543.89,0.22,0
14220.0,4,1515.0,0.77,1
14221.0,14,5113.7,0.01,0
14222.0,1,683.17,0.81,1
14223.0,2,656.59,0.13,0
14224.0,8,1711.28,0.07,0
14225.0,4,2037.02,0.72,1
14226.0,3,2479.7400000000002,0.16,0
14227.0,12,5417.27,0.03,0
14228.0,3,745.5,0.9,1
14229.0,6,1808.97,0.11,0
14230.0,3,979.8000000000001,0.82,1
14231.0,4,1235.6200000000001,0.45,1
14232.0,3,1315.73,0.18,0
14233.0,6,2400.65,0.25,0
14235.0,8,4375.99,0.02,0
14236.0,4,1443.08,0.13,0
14237.0,2,632.14,0.85,1
14238.0,3,434.23,0.93,1
14239.0,16,3177.36,0.06,0
14240.0,2,584.0,0.19,0
14241.0,2,333.7,0.78,1
14242.0,2,280.55,0.92,1
14243.0,14,6833.06,0.03,0
14244.0,1,366.42,0.97,1
14245.0,2,1693.45,0.8,1
14246.0,2,969.87,0.3,0
14247.0,5,772.66,0.9,1
14248.0,3,1032.95,0.44,1
14249.0,12,5625.461,0.7,1
14252.0,1,350.99,0.93,1
14253.0,2,363.40000000000003,0.83,1
14254.0,1,601.03,0.83,1
14255.0,1,1000.63,0.92,1
14256.0,5,2473.9900000000002,0.7,1
14257.0,7,4191.650000000001,0.13,0
14258.0,23,28767.68,0.03,0
14259.0,1,120.0,0.99,1
14260.0,3,824.28,0.8,1
14262.0,2,545.5,0.58,0
14263.0,1,322.93,0.89,1
14264.0,6,1517.3600000000001,0.68,1
14265.0,3,1095.22,0.46,0
14266.0,1,40.56,0.93,1
14267.0,3,1516.24,0.86,1
14268.0,1,354.85,0.92,1
14269.0,1,295.73,0.81,1
14270.0,1,492.65000000000003,0.72,1
14271.0,2,219.13,0.87,1
14272.0,3,614.94,0.29,0
14273.0,3,450.05,0.16,0
14274.0,1,256.6,0.85,1
14275.0,6,1189.3799999999999,0.83,1
14276.0,6,1703.34,0.24,0
14277.0,7,14647.039999999999,0.09,0
14278.0,1,205.83,0.92,1
14279.0,2,191.86,0.89,1
14280.0,1,134.04,0.95,1
14281.0,1,245.15,0.9,1
14282.0,17,6371.8,0.0,0
14283.0,4,628.44,0.77,1
14284.0,1,704.4,0.19,0
14285.0,5,1380.31,0.18,0
14286.0,5,5901.09,0.12,0
14287.0,2,83.28,0.21,0
14288.0,1,426.6,0.91,1
14289.0,5,832.7800000000001,0.66,0
14290.0,4,2979.4700000000003,0.19,0
14291.0,18,6051.07,0.0,0
14292.0,11,6944.53,0.06,0
14293.0,8,2960.78,0.18,0
14294.0,1,375.34000000000003,0.77,1
14295.0,4,2196.71,0.15,0
14296.0,2,456.4,0.59,1
14297.0,1,232.6,0.13,0
14298.0,73,74660.15,0.05,0
14299.0,22,12099.81,0.03,0
14301.0,3,1352.04,0.42,0
14302.0,3,742.9000000000001,0.86,1
14303.0,2,277.94,0.94,1
14304.0,3,1725.01,0.85,1
14305.0,1,1044.2,0.32,0
14306.0,4,1058.0800000000002,0.15,0
14307.0,8,4383.2,0.06,0
14308.0,2,1147.02,0.99,1
14309.0,8,2738.3,0.06,0
14310.0,1,492.1,0.94,1
14311.0,2,516.45,0.92,1
14312.0,9,2333.29,0.07,0
14314.0,1,109.8,0.65,0
14315.0,5,1878.64,0.12,0
14316.0,5,1370.34,0.35,1
14318.0,1,158.02,0.99,1
14319.0,1,494.85,0.86,1
14320.0,5,1346.75,0.81,1
14321.0,4,1314.24,0.14,0
14322.0,4,474.1,0.92,1
14323.0,1,299.82,0.12,0
14324.0,2,701.61,0.93,1
14325.0,1,245.48,0.93,1
14326.0,3,940.98,0.78,1
14327.0,6,1894.93,0.75,1
14328.0,1,445.05,0.99,1
14329.0,11,7998.06,0.02,0
14330.0,1,200.63,0.94,1
14331.0,1,383.66,0.3,0
14332.0,3,1196.24,0.29,0
14334.0,9,3444.5,0.05,0
14336.0,3,1114.39,0.08,0
14338.0,3,928.1,0.81,1
14339.0,2,620.27,0.79,1
14340.0,1,134.70000000000002,1.0,1
14341.0,14,2988.19,0.04,0
14342.0,4,669.62,0.15,0
14343.0,4,1088.91,0.8,1
14344.0,19,3216.4,0.05,0
14346.0,4,1556.61,0.4,0
14347.0,1,82.60000000000001,0.99,1
14348.0,1,409.57,0.95,1
14350.0,3,972.03,0.91,1
14351.0,1,51.0,0.86,1
14352.0,4,1078.96,0.43,1
14353.0,3,376.5,0.77,1
14355.0,3,1014.45,0.86,1
14358.0,2,400.06,0.53,1
14361.0,1,214.71,0.83,1
14363.0,2,227.47000000000003,0.93,1
14364.0,7,3366.25,0.11,0
14365.0,2,634.68,0.87,1
14366.0,1,136.0,0.9766516174743397,1
14367.0,10,5448.45,0.16,0
14368.0,1,155.0,0.91,1
14369.0,2,469.13,0.89,1
14370.0,6,1175.78,0.82,1
14371.0,1,100.5,0.95,1
14372.0,2,860.08,0.87,1
14373.0,1,76.55,0.91,1
14374.0,1,108.0,0.93,1
14375.0,3,1132.99,0.83,1
14376.0,1,215.46,0.86,1
14377.0,2,617.05,0.79,1
14378.0,1,131.25,0.98,1
14379.0,3,1031.79,0.33,0
14380.0,1,48.96,0.96,1
14381.0,1,428.66,0.2,0
14382.0,1,620.73,0.56,0
14383.0,1,242.09,0.31,0
14384.0,1,58.5,0.72,1
14386.0,1,142.4,0.98,1
14388.0,12,4988.12,0.06,0
14389.0,4,1165.69,0.27,0
14390.0,8,3339.67,0.05,0
14391.0,1,135.6,0.92,1
14392.0,1,266.4,0.94,1
14393.0,1,67.95,0.89,1
14394.0,1,93.8,0.9,1
14395.0,17,6666.52,0.03,0
14396.0,6,1744.29,0.28,0
14397.0,7,582.88,0.62,0
14398.0,2,707.7900000000001,0.85,1
14399.0,8,2113.16,0.21,1
14400.0,3,1732.47,0.85,1
14401.0,15,4571.76,0.01,0
14402.0,1,285.6,0.86,1
14403.0,5,1676.51,0.08,0
14404.0,11,2463.07,0.19,0
14405.0,1,195.0,0.69,1
14407.0,3,1478.04,0.09,0
14408.0,8,2718.5600000000004,0.07,0
14409.0,7,3449.57,0.01,0
14410.0,9,2526.05,0.04,0
14411.0,1,1063.0,0.91,1
14412.0,1,656.16,0.31,0
14413.0,4,770.37,0.91,1
14414.0,3,1415.19,0.2,0
14415.0,17,9166.39,0.01,0
14417.0,1,604.2,0.74,1
14419.0,3,510.41,0.14,0
14420.0,3,1251.65,0.23,0
14421.0,5,2111.44,0.2,0
14422.0,15,7040.030000000001,0.0,0
14423.0,3,916.61,0.66,1
14425.0,3,661.39,0.92,1
14426.0,13,10131.85,0.09,0
14427.0,2,900.1800000000001,0.49,0
14428.0,2,330.62,0.24,0
14429.0,1,516.28,0.77,1
14430.0,3,1220.9,0.85,1
14431.0,4,2614.2,0.29,1
14433.0,1,289.6,0.63,1
14435.0,1,90.42,0.9,1
14436.0,1,182.64,0.27,0
14437.0,5,958.84,0.85,1
14438.0,1,131.9,0.97,1
14439.0,5,9443.04,0.84,1
14440.0,10,5466.76,0.05,0
14441.0,8,3255.64,0.12,0
14442.0,7,5367.02,0.66,1
14443.0,4,1957.79,0.06,0
14444.0,1,132.04,0.82,1
14445.0,1,221.65,0.83,1
14446.0,2,504.77,0.2,0
14447.0,3,1149.53,0.22,0
14448.0,1,102.35,0.41,0
14449.0,6,1977.0,0.11,0
14450.0,7,1128.44,0.52,1
14451.0,11,3006.18,0.04,0
14452.0,2,401.15,0.28,0
14453.0,1,119.93,0.7,1
14454.0,5,977.3,0.87,1
14455.0,4,628.21,0.87,1
14456.0,2,142.38,0.16,0
14457.0,1,113.64,0.84,1
14458.0,1,237.42,0.95,1
14459.0,2,5375.741,0.8,1
14460.0,8,935.7,0.16,0
14461.0,13,6713.5,0.65,1
14462.0,9,1547.47,0.11,0
14463.0,3,566.37,0.3,0
14464.0,2,111.0,0.86,1
14465.0,11,3946.03,0.64,1
14466.0,10,3720.2,0.06,0
14467.0,9,1753.93,0.09,0
14468.0,1,204.24,0.89,1
14469.0,4,2112.21,0.85,1
14470.0,2,548.49,0.23,0
14471.0,2,400.95,0.85,1
14472.0,7,1936.46,0.12,0
14473.0,1,85.0,0.34,0
14474.0,1,730.42,0.24,0
14475.0,3,847.47,0.17,0
14476.0,1,215.7,0.89,1
14477.0,5,1183.0,0.38,0
14478.0,4,1276.66,0.75,1
14479.0,4,1299.1100000000001,0.84,1
14480.0,3,1020.47,0.26,0
14481.0,5,2311.49,0.76,1
14482.0,7,2527.86,0.03,0
14483.0,2,257.1,0.82,1
14484.0,3,749.0600000000001,0.21,0
14486.0,2,175.5,0.93,1
14487.0,2,382.38,0.51,0
14489.0,4,1574.93,0.79,1
14490.0,2,1273.47,0.92,1
14491.0,2,468.13,0.93,1
14492.0,7,1921.91,0.66,1
14493.0,6,3358.13,0.11,0
14494.0,2,261.9,0.23,0
14495.0,1,51.0,0.3,0
14496.0,7,2668.23,0.76,1
14497.0,2,697.0600000000001,0.85,1
14498.0,8,2875.65,0.22,0
14499.0,5,1449.67,0.18,0
14500.0,1,284.85,0.44,0
14501.0,2,251.21,0.64,1
14502.0,7,1176.01,0.12,0
14503.0,1,597.07,0.72,0
14504.0,3,542.71,0.17,0
14505.0,16,9288.960000000001,0.04,0
14506.0,5,2110.16,0.14,0
14507.0,8,2516.56,0.03,0
14508.0,3,598.52,0.12,0
14509.0,1,110.95,0.89,1
14510.0,3,1007.28,0.42,1
14512.0,7,1223.47,0.85,1
14513.0,5,649.77,0.18,0
14514.0,8,3946.7400000000002,0.07,0
14515.0,8,2412.82,0.07,0
14516.0,1,163.92,0.89,1
14517.0,1,252.45000000000002,0.23,0
14519.0,2,206.09,0.9,1
14520.0,1,165.0,0.5875388609290879,0
14521.0,1,199.45000000000002,0.83,1
14522.0,5,1062.71,0.16,0
14524.0,9,2118.75,0.03,0
14525.0,13,5941.38,0.03,0
14526.0,1,262.4,0.91,1
14527.0,101,23842.55,0.08,0
14530.0,13,4832.33,0.07,0
14531.0,1,376.34,1.0,1
14532.0,11,3859.18,0.65,1
14533.0,5,1950.1499999999999,0.21,0
14534.0,20,4574.26,0.03,0
14535.0,7,4020.51,0.07,0
14536.0,1,171.8,0.97,1
14537.0,1,285.84,0.25,0
14538.0,4,1089.0900000000001,0.14,0
14540.0,9,2994.98,0.03,0
14541.0,13,2353.68,0.22,0
14542.0,1,103.25,0.92,1
14543.0,34,14079.24,0.0,0
14544.0,2,2079.9,0.46,0
14545.0,1,349.25,0.98,1
14546.0,8,3494.69,0.07,0
14548.0,9,2627.49,0.76,1
14549.0,4,916.5500000000001,0.69,1
14550.0,2,587.6899999999999,0.23,0
14551.0,6,819.24,0.16,0
14552.0,3,511.28,0.4,1
14553.0,6,1294.59,0.16,0
14555.0,5,2189.43,0.19,0
14556.0,3,835.34,0.67,1
14558.0,3,655.5,0.81,1
14559.0,1,75.6,0.96,1
14560.0,33,5199.0599999999995,0.0,0
14561.0,2,566.99,0.21,0
14562.0,13,3389.66,0.0,0
14563.0,2,679.4399999999999,0.71,1
14564.0,2,2605.62,0.79,1
14565.0,3,2637.65,0.24,0
14566.0,3,2660.0,0.51,0
14568.0,1,919.7,0.86,1
14569.0,3,371.59000000000003,0.52,0
14570.0,3,613.75,0.8,1
14571.0,1,161.65,0.97,1
14572.0,8,4261.03,0.01,0
14573.0,13,2621.42,0.73,1
14574.0,1,143.70000000000002,0.93,1
14575.0,1,460.71,0.87,1
14576.0,1,70.80000000000001,0.99,1
14577.0,6,1161.18,0.21,0
14579.0,1,105.56,0.83,1
14580.0,1,14.85,0.97,1
14581.0,1,295.2,0.13,0
14583.0,7,1516.12,0.23,0
14584.0,8,1747.91,0.78,1
14585.0,4,986.22,0.56,0
14586.0,1,237.35999999999999,0.89,1
14587.0,8,1473.53,0.36,0
14588.0,1,135.39,0.97,1
14589.0,1,79.5,0.92,1
14590.0,20,3006.62,0.78,1
14591.0,1,250.22,0.31,0
14593.0,11,3433.61,0.1,0
14594.0,1,510.0,0.21,0
14595.0,3,587.65,0.19,0
14596.0,1,229.47,0.94,1
14597.0,5,1483.49,0.36,0
14598.0,1,162.07,0.92,0
14599.0,2,474.54,0.78,1
14600.0,2,865.17,0.59,1
14602.0,1,205.36,0.91,1
14603.0,1,660.0,0.94,1
14604.0,1,143.85999999999999,0.77,1
14605.0,4,937.16,0.8,1
14606.0,161,27124.66,0.07,0
14607.0,9,8063.13,0.08,0
14608.0,8,1771.79,0.07,0
14609.0,9,1371.0,0.09,0
14610.0,2,24.35,0.94,1
14611.0,2,604.33,0.85,1
14612.0,1,877.7,0.94,1
14613.0,1,76.32000000000001,1.0,1
14614.0,1,295.13,0.93,1
14615.0,5,951.76,0.88,1
14616.0,5,527.78,0.8,1
14617.0,2,190.47,0.9,1
14618.0,5,1000.6800000000001,0.2,0
14619.0,2,1291.24,0.96,1
14620.0,2,412.78000000000003,0.91,1
14621.0,7,2215.12,0.25,0
14622.0,1,320.58,0.9,1
14623.0,7,1568.19,0.12,0
14624.0,4,588.22,0.2,0
14625.0,11,4497.88,0.3,1
14626.0,8,3206.55,0.08,0
14627.0,1,462.75,0.91,1
14628.0,4,1657.6200000000001,0.1,0
14630.0,1,338.65,0.99,1
14631.0,5,1648.79,0.13,0
14632.0,1,114.56,0.9,1
14633.0,1,344.90000000000003,0.92,1
14634.0,4,2124.46,0.7,1
14635.0,1,215.22,0.87,1
14636.0,1,300.19,0.22,0
14637.0,1,106.68,0.95,1
14639.0,5,3229.6,0.32,0
14640.0,7,2546.8,0.05,0
14643.0,5,1679.89,0.69,1
14644.0,6,1604.46,0.12,0
14645.0,3,876.89,0.79,1
14646.0,111,384424.63,0.0,0
14647.0,2,519.97,0.85,1
14648.0,15,4546.86,0.17,1
14649.0,7,2942.24,0.19,0
14650.0,1,62.5,0.97,1
14651.0,8,1795.84,0.13,0
14653.0,6,2011.8,0.03,0
14654.0,1,246.86,0.94,1
14655.0,4,2756.84,0.07,0
14656.0,5,814.65,0.8,1
14657.0,5,1251.59,0.27,0
14659.0,6,1641.55,0.34,0
14662.0,6,1170.02,0.11,0
14663.0,2,490.6,0.81,1
14665.0,5,1645.6100000000001,0.22,0
14667.0,44,17676.18,0.03,0
14668.0,1,111.63000000000001,0.84,1
14669.0,7,3243.93,0.66,1
14670.0,3,602.0,0.81,1
14671.0,2,1127.45,0.82,1
14672.0,4,1113.14,0.74,1
14673.0,3,2047.9,0.41,0
14674.0,1,173.66,0.99,1
14675.0,1,462.15,0.18,0
14676.0,10,7499.47,0.14,0
14677.0,1,184.91,0.94,1
14678.0,1,403.39,0.3,1
14679.0,3,1289.44,0.88,1
14680.0,54,50466.86,0.02,0
14681.0,4,770.1500000000001,0.2,0
14682.0,6,1514.81,0.45,1
14683.0,1,146.56,0.92,1
14684.0,3,751.53,0.14,0
14685.0,8,4619.79,0.75,1
14686.0,5,885.83,0.84,1
14687.0,2,773.6800000000001,0.08,0
14688.0,21,5511.94,0.07,0
14689.0,1,112.80000000000001,0.96,1
14690.0,3,639.34,0.22,0
14691.0,1,439.6,0.28,0
14692.0,12,1745.09,0.74,1
14693.0,7,1165.36,0.76,1
14694.0,1,244.31,0.82,1
14695.0,3,1620.07,0.56,1
14696.0,5,1860.34,0.24,0
14697.0,2,188.61,0.94,1
14699.0,4,702.6,0.81,1
14700.0,4,2438.56,0.15,0
14701.0,13,3971.0,0.04,0
14702.0,20,4959.63,0.08,0
14704.0,4,487.82,0.22,0
14705.0,1,179.0,0.8284445929436137,1
14706.0,1,390.69,0.88,1
14707.0,2,139.2,0.83,1
14708.0,4,1787.0900000000001,0.11,0
14709.0,18,6325.2300000000005,0.01,0
14710.0,9,1316.46,0.21,0
14711.0,7,1915.85,0.13,0
14712.0,1,411.0,0.32,0
14713.0,17,4202.15,0.22,0
14714.0,3,746.05,0.19,0
14715.0,6,1220.52,0.29,0
14716.0,2,424.33,0.26,0
14717.0,1,81.3,0.97,1
14718.0,1,226.42000000000002,0.81,1
14719.0,2,488.12,0.2,0
14721.0,1,115.77,0.87,1
14722.0,3,513.37,0.75,1
14723.0,8,1405.76,0.14,0
14724.0,1,345.25,0.9,1
14725.0,3,597.16,0.21,0
14726.0,1,124.75,0.95,1
14727.0,3,467.93,0.79,1
14728.0,1,190.58,0.86,1
14729.0,3,907.38,0.67,1
14730.0,4,767.07,0.2,0
14731.0,2,251.01999999999998,0.15,0
14732.0,16,4432.88,0.02,0
14733.0,13,15326.28,0.04,0
14734.0,4,1056.42,0.88,1
14735.0,42,9060.880000000001,0.04,0
14736.0,2,401.08,0.89,1
14737.0,2,2823.62,0.22,0
14738.0,6,1033.14,0.47,0
14739.0,21,9692.84,0.0,0
14740.0,11,4161.06,0.69,1
14741.0,4,1166.1100000000001,0.22,0
14742.0,1,579.85,0.87,1
14743.0,1,50.480000000000004,0.95,1
14744.0,12,3713.13,0.0,0
14745.0,11,2292.05,0.11,0
14746.0,4,593.5,0.87,1
14747.0,1,328.2,0.88,1
14748.0,8,2507.7000000000003,0.02,0
14749.0,1,310.15,0.69,1
14750.0,1,112.03,0.91,1
14751.0,2,126.45,0.94,1
14753.0,1,306.36,0.22,0
14754.0,5,1140.7,0.16,0
14755.0,20,7514.45,0.0,0
14756.0,2,1914.8,0.12,0
14758.0,7,2864.9700000000003,0.18,1
14759.0,1,572.25,0.32,0
14760.0,1,89.2,0.82,1
14761.0,2,289.52,0.3,0
14762.0,2,417.57,0.89,1
14765.0,1,80.5,0.42,0
14766.0,9,5614.08,0.03,0
14767.0,1,382.81,0.89,1
14769.0,14,11272.41,0.0,0
14770.0,8,3637.6400000000003,0.12,1
14771.0,2,594.62,0.83,1
14773.0,1,140.55,0.88,1
14774.0,1,241.45000000000002,0.81,1
14775.0,2,1108.02,0.08,0
14776.0,11,2841.12,0.02,0
14777.0,1,307.56,0.9,1
14778.0,1,334.05,0.38,0
14779.0,3,386.15,0.57,1
14782.0,1,200.10000000000002,0.89,1
14783.0,1,307.3,0.75,1
14784.0,2,274.62,0.74,0
14786.0,1,90.96,0.98,1
14787.0,1,110.65,0.96,1
14788.0,1,476.88,0.13,0
14790.0,7,1933.72,0.09,0
14791.0,1,303.63,0.39,1
14793.0,1,396.91,0.19,0
14794.0,7,1313.53,0.19,0
14795.0,1,131.45000000000002,0.99,1
14796.0,22,8000.14,0.01,0
14797.0,1,300.31,0.62,1
14798.0,7,647.97,0.34,0
14799.0,1,180.45000000000002,0.24,0
14800.0,13,7111.3,0.09,0
14802.0,2,1502.98,0.97,1
14803.0,3,845.55,0.49,1
14805.0,4,659.24,0.29,0
14806.0,1,110.04,0.89,0
14807.0,2,519.29,0.61,1
14808.0,6,1846.31,0.1,0
14809.0,2,686.76,0.76,1
14810.0,11,1966.24,0.39,0
14811.0,1,170.5,0.99,1
14812.0,1,185.8,0.91,1
14813.0,4,1090.8700000000001,0.79,1
14814.0,1,160.46,0.98,1
14816.0,1,271.85,0.82,1
14817.0,7,3959.86,0.09,1
14818.0,5,922.24,0.16,0
14819.0,3,282.81,0.17,0
14820.0,6,907.24,0.14,0
14821.0,7,1286.45,0.84,1
14822.0,1,157.70000000000002,0.88,1
14823.0,3,321.43,0.88,1
14824.0,6,2895.2,0.13,0
14825.0,18,3905.4900000000002,0.06,0
14826.0,2,385.2,0.81,1
14828.0,13,9839.460000000001,0.64,1
14829.0,6,1526.92,0.15,0
14831.0,3,1676.57,0.79,1
14832.0,1,322.69,0.94,1
14833.0,1,94.8,0.96,1
14834.0,2,729.55,0.16,0
14835.0,2,297.0,0.894785470502194,1
14837.0,7,2768.26,0.08,0
14838.0,2,773.6700000000001,0.83,1
14839.0,3,915.28,0.85,1
14840.0,2,362.71,0.93,1
14841.0,12,6242.81,0.02,0
14842.0,2,1688.48,0.25,0
14843.0,1,211.8,0.48,1
14844.0,8,5055.97,0.02,0
14845.0,1,150.0,0.7532839250233636,1
14846.0,1,437.4,0.96,1
14847.0,3,1348.95,0.93,1
14848.0,1,310.56,0.64,1
14849.0,31,12044.45,0.02,0
14850.0,7,1794.01,0.74,1
14851.0,2,524.19,0.24,0
14852.0,16,4944.7,0.0,0
14853.0,4,1115.57,0.19,0
14854.0,9,3496.21,0.02,0
14855.0,6,6181.0,0.05,0
14857.0,6,3001.251,0.08,0
14858.0,1,180.75,0.97,1
14859.0,2,648.76,0.2,0
14861.0,9,1254.94,0.07,0
14862.0,1,304.1,0.33,0
14865.0,3,114.72,0.29,0
14866.0,10,6683.42,0.16,0
14867.0,16,2952.06,0.59,1
14868.0,7,2126.89,0.08,0
14869.0,4,2078.54,0.14,0
14870.0,6,1838.95,0.82,1
14871.0,8,1091.34,0.47,0
14872.0,3,816.6,0.83,1
14873.0,2,854.13,0.89,1
14874.0,1,116.18,0.88,1
14875.0,2,1759.08,0.18,0
14876.0,2,256.7,0.88,1
14877.0,2,437.0,0.81,1
14878.0,22,3702.7200000000003,0.14,0
14879.0,1,185.06,0.97,1
14880.0,2,363.27,0.22,0
14882.0,12,3038.4500000000003,0.05,0
14883.0,2,358.48,0.32,0
14884.0,1,120.6,0.98,1
14885.0,2,832.8,0.12,0
14886.0,1,364.8,0.91,1
14888.0,1,369.2,0.8,1
14889.0,1,135.9,0.93,1
14890.0,3,817.25,0.84,1
14891.0,4,1106.73,0.84,1
14892.0,1,202.35000000000002,0.97,1
14893.0,1,571.76,0.28,0
14894.0,2,837.0600000000001,0.22,0
14895.0,26,19189.62,0.0,0
14896.0,8,2092.42,0.66,1
14897.0,5,1949.66,0.09,0
14898.0,12,2815.22,0.13,0
14899.0,1,1384.88,0.78,1
14900.0,1,13.919999999999998,0.9,1
14901.0,6,1365.41,0.21,0
14902.0,2,702.96,0.52,0
14903.0,3,1800.23,0.21,0
14904.0,2,615.2,0.22,0
14905.0,8,1971.39,0.72,1
14906.0,1,68.44,1.0,1
14907.0,13,4596.51,0.05,0
14908.0,1,104.10000000000001,0.3,0
14909.0,3,1404.68,0.73,1
14911.0,287,207734.76,0.04,0
14912.0,5,1504.19,0.26,0
14913.0,7,3762.85,0.02,0
14915.0,10,1646.05,0.19,0
14916.0,6,2475.25,0.06,0
14917.0,2,1123.75,0.89,1
14918.0,8,5111.08,0.05,0
14919.0,1,359.35,0.87,1
14920.0,3,1607.17,0.96,1
14921.0,1,903.01,0.16,0
14922.0,2,843.74,0.91,1
14924.0,3,931.01,0.82,1
14926.0,2,359.4,0.85,1
14927.0,1,308.2,0.89,1
14928.0,1,223.91000000000003,0.82,1
14929.0,1,612.8100000000001,0.16,0
14930.0,4,3977.9,0.1,0
14931.0,2,586.0,0.26,0
14932.0,2,1029.66,0.88,1
14933.0,4,1770.0,0.72,1
14934.0,4,2441.4,0.12,0
14935.0,2,2849.83,0.64,1
14936.0,6,7910.18,0.03,0
14938.0,2,2322.43,0.75,1
14940.0,2,531.49,0.9,1
14941.0,1,182.1,0.81,1
14942.0,4,746.56,0.84,1
14943.0,1,107.62,0.87,1
14944.0,13,6392.150000000001,0.02,0
14945.0,1,179.4,0.94,1
14947.0,4,758.97,0.19,0
14948.0,2,543.67,0.18,0
14949.0,4,515.0,0.48,1
14952.0,28,13064.47,0.0,0
14953.0,3,723.95,0.51,0
14954.0,1,167.27,0.9,0
14955.0,1,163.77,0.94,1
14956.0,1,1325.0,0.92,1
14957.0,2,333.29,0.9,1
14958.0,6,957.94,0.9,1
14959.0,2,422.38,0.3,0
14960.0,1,88.3,0.28,0
14961.0,19,13272.45,0.03,0
14962.0,4,366.91,0.8,1
14963.0,8,1970.8799999999999,0.2,0
14964.0,1,206.21,0.97,1
14966.0,5,924.52,0.56,0
14967.0,5,1518.81,0.01,0
14968.0,1,357.4,0.29,0
14969.0,1,906.23,0.88,1
14970.0,11,4447.04,0.37,0
14972.0,1,30.300000000000004,0.47,0
14973.0,1,654.6,0.27,0
14975.0,1,192.45000000000002,0.26,0
14976.0,3,450.26,0.3,0
14977.0,1,31.93,0.91,1
14978.0,9,2748.0,0.06,0
14979.0,1,439.46,0.89,1
14980.0,1,150.68,0.57,1
14981.0,2,372.92,0.86,1
14982.0,1,237.78,0.92,1
14983.0,1,183.20000000000002,0.99,1
14984.0,5,1168.32,0.16,0
14985.0,2,296.75,0.78,1
14986.0,2,566.9,0.83,1
14987.0,7,1550.6499999999999,0.12,0
14988.0,7,2066.6,0.75,1
14989.0,1,342.4,0.99,1
14990.0,2,305.42,0.88,1
14991.0,1,314.67,0.95,1
14992.0,1,210.5,0.89,1
14993.0,1,36.13,0.94,1
14994.0,5,960.63,0.59,1
14995.0,1,119.31,0.35,0
14996.0,2,442.28999999999996,0.93,1
14997.0,2,385.68,0.19,0
14998.0,4,770.73,0.78,1
14999.0,1,129.48,0.96,1
15001.0,2,230.85999999999999,0.91,1
15002.0,8,4323.11,0.03,0
15003.0,6,1060.7,0.75,1
15004.0,1,1246.32,0.66,1
15005.0,45,11687.22,0.08,0
15006.0,1,323.05,0.22,0
15007.0,1,156.91,0.97,1
15008.0,2,360.0,0.81,1
15011.0,2,416.6,0.89,1
15012.0,2,628.64,0.14,0
15013.0,10,1641.3,0.42,1
15014.0,1,117.72999999999999,0.28,0
15015.0,13,2365.02,0.72,1
15016.0,5,630.3000000000001,0.77,1
15018.0,2,402.59000000000003,0.28,0
15019.0,1,266.0,0.84,1
15020.0,1,203.42,0.6,1
15021.0,8,1988.09,0.06,0
15022.0,1,281.05,0.26,0
15023.0,16,9807.36,0.02,0
15024.0,9,3102.27,0.16,0
15025.0,1,636.08,0.18,0
15026.0,4,823.39,0.3,0
15027.0,9,3096.42,0.07,0
15028.0,3,716.55,0.25,0
15029.0,1,365.1,0.86,1
15030.0,7,1614.39,0.08,0
15031.0,11,2639.27,0.18,0
15032.0,8,13780.65,0.79,1
15033.0,4,1344.79,0.15,0
15034.0,11,6669.62,0.1,0
15036.0,2,245.69,0.15,0
15037.0,2,402.51,0.92,1
15038.0,7,1121.82,0.11,0
15039.0,79,36518.01,0.02,0
15040.0,1,7.49,0.98,1
15041.0,2,294.02,0.77,1
15042.0,2,315.45,0.69,1
15043.0,5,2336.8,0.14,0
15044.0,31,13706.380000000001,0.02,0
15045.0,2,735.66,0.85,1
15046.0,19,5518.88,0.01,0
15047.0,1,343.62,0.94,1
15048.0,2,355.15,0.24,0
15049.0,1,121.17000000000002,0.74,1
15050.0,2,2411.7,0.19,0
15051.0,7,2921.29,0.05,0
15052.0,1,215.78,0.9,1
15053.0,2,478.59999999999997,0.21,0
15055.0,3,560.07,0.9,1
15056.0,1,133.45,0.98,1
15057.0,5,3255.96,0.59,1
15058.0,11,2296.35,0.13,0
15059.0,15,2918.78,0.01,0
15061.0,115,118946.08,0.04,0
15062.0,7,2411.8,0.07,0
15063.0,1,370.8,0.92,1
15064.0,4,1254.41,0.75,1
15065.0,4,3027.48,0.15,0
15067.0,3,2981.17,0.19,0
15068.0,3,863.4499999999999,0.16,0
15069.0,1,1109.53,0.89,1
15070.0,3,843.25,0.87,1
15071.0,3,1062.16,0.33,0
15072.0,1,187.52,0.97,1
15073.0,7,2606.57,0.1,0
15074.0,2,817.46,0.25,0
15076.0,3,1447.74,0.86,1
15077.0,2,2428.08,0.82,1
15078.0,39,13327.720000000001,0.06,0
15079.0,11,3767.35,0.67,1
15080.0,2,546.25,0.75,1
15081.0,9,1708.97,0.09,0
15082.0,1,93.35000000000001,0.96,1
15083.0,1,88.2,0.84,1
15084.0,2,965.1999999999999,0.87,1
15085.0,1,347.54,0.94,1
15086.0,2,218.53,0.89,1
15087.0,1,306.94,0.92,1
15090.0,1,381.32,0.93,1
15091.0,2,565.9,0.27,0
15092.0,3,776.46,0.88,1
15093.0,21,13125.77,0.02,0
15094.0,2,83.0,0.84,1
15095.0,8,2808.86,0.02,0
15097.0,2,660.27,0.68,0
15098.0,3,39916.5,0.99,1
15100.0,7,2894.7,0.73,1
15101.0,5,1262.69,0.24,0
15102.0,2,554.67,0.89,1
15104.0,2,1027.44,0.83,1
15105.0,3,1328.96,0.28,0
15106.0,3,1032.83,0.13,0
15107.0,9,940.35,0.77,1
15108.0,4,1300.25,0.92,1
15109.0,3,983.1,0.86,1
15110.0,3,679.4,0.23,0
15111.0,3,1451.89,0.21,0
15112.0,1,209.4,0.79,1
15114.0,7,1802.43,0.11,0
15115.0,1,191.74,0.29,0
15116.0,2,790.97,0.21,0
15117.0,4,1246.59,0.47,0
15119.0,1,266.4,0.89,1
15121.0,1,295.15,0.26,0
15122.0,10,3794.3,0.12,0
15123.0,4,3526.33,0.39,0
15124.0,3,357.38,0.28,0
15125.0,20,15290.99,0.07,0
15126.0,2,449.49,0.75,1
15127.0,1,304.97,0.25,0
15128.0,3,1170.78,0.21,0
15129.0,20,5513.51,0.01,0
15130.0,1,330.11,0.97,1
15131.0,1,80.28,1.0,1
15132.0,2,489.87,0.23,0
15133.0,4,1482.38,0.14,0
15134.0,5,619.38,0.22,0
15135.0,2,305.68,0.8,1
15137.0,2,823.4,0.85,1
15138.0,1,502.52,0.93,1
15139.0,2,178.96,0.97,1
15140.0,4,2016.89,0.5,0
15141.0,7,1388.47,0.38,1
15142.0,5,2121.18,0.14,0
15143.0,2,563.63,0.81,1
15144.0,20,8041.91,0.03,0
15145.0,2,724.03,0.28,0
15146.0,2,1327.16,0.8,1
15147.0,1,623.5,0.86,1
15149.0,4,1033.81,0.24,0
15150.0,6,5297.5,0.04,0
15151.0,2,2085.61,0.34,1
15152.0,4,1889.48,0.4,0
15154.0,2,1091.99,0.19,0
15155.0,1,383.96999999999997,0.65,1
15157.0,4,2223.41,0.18,0
15158.0,1,204.62,0.9,0
15159.0,21,11051.11,0.08,0
15160.0,4,589.27,0.87,1
15161.0,1,119.92,0.95,1
15162.0,1,312.9,0.83,1
15163.0,1,155.0,0.25,0
15164.0,8,1594.05,0.04,0
15165.0,1,975.5,0.7,1
15166.0,1,167.16,0.98,1
15167.0,5,1659.67,0.36,1
15169.0,2,569.22,0.76,1
15170.0,1,81.15,0.94,1
15171.0,1,1289.5,0.97,1
15172.0,3,886.74,0.37,0
15173.0,7,1494.6,0.76,1
15174.0,2,481.46,0.8,1
15176.0,1,988.0400000000001,0.93,1
15177.0,1,948.9300000000001,0.6,1
15178.0,1,40.5,0.95,1
15179.0,11,6740.09,0.02,0
15180.0,3,904.4300000000001,0.87,1
15181.0,4,945.72,0.16,0
15182.0,11,2998.952,0.67,1
15183.0,3,639.93,0.87,1
15184.0,3,518.42,0.18,0
15186.0,4,1221.05,0.14,0
15187.0,3,1452.44,0.21,0
15188.0,1,310.43,0.89,1
15189.0,28,9452.79,0.09,0
15190.0,1,834.4399999999999,0.84,1
15191.0,3,588.05,0.89,1
15192.0,4,1675.06,0.15,0
15194.0,23,8878.67,0.02,0
15196.0,2,316.25,0.89,1
15197.0,5,1571.1499999999999,0.06,0
15198.0,3,377.71,0.2,0
15199.0,8,2510.85,0.09,0
15200.0,1,549.05,0.75,1
15201.0,4,1208.68,0.34,0
15202.0,3,6001.49,0.98,1
15203.0,12,3567.26,0.1,0
15204.0,1,316.58,0.8,1
15206.0,2,53.10000000000001,0.56,0
15207.0,3,683.92,0.86,1
15208.0,3,423.92,0.22,0
15209.0,1,178.98,0.94,1
15210.0,3,1176.19,0.9,1
15211.0,1,766.14,0.18,0
15212.0,2,208.27999999999997,0.87,1
15213.0,2,328.35,0.89,1
15214.0,2,651.63,0.54,0
15215.0,4,1687.49,0.18,0
15216.0,1,389.49,0.21,0
15217.0,1,426.24,0.9,1
15218.0,17,8919.73,0.0,0
15219.0,2,685.45,0.44,1
15220.0,4,946.8100000000001,0.18,0
15221.0,4,2465.4500000000003,0.85,1
15222.0,11,3550.91,0.6,1
15223.0,5,1417.95,0.71,1
15224.0,5,871.36,0.78,1
15225.0,1,409.40000000000003,0.89,1
15226.0,1,154.41,1.0,1
15227.0,7,2145.91,0.12,0
15228.0,4,3447.01,0.55,0
15229.0,1,160.5,0.94,1
15230.0,2,429.6,0.81,1
15231.0,1,250.26000000000002,0.68,1
15232.0,1,310.36,0.23,0
15233.0,1,59.400000000000006,0.99,1
15234.0,1,197.0,0.9,1
15235.0,16,2937.81,0.73,1
15236.0,1,321.05,0.79,1
15237.0,2,1093.65,0.23,0
15238.0,1,300.14,0.18,0
15240.0,10,3798.79,0.12,0
15241.0,8,2564.18,0.06,0
15242.0,1,302.04,0.78,1
15243.0,1,610.6,0.34,0
15244.0,2,578.45,0.19,0
15245.0,7,3832.7200000000003,0.06,0
15246.0,3,780.4,0.84,1
15247.0,2,620.06,0.32,0
15248.0,3,1893.93,0.73,1
15249.0,11,6237.91,0.01,0
15250.0,1,60.0,0.87,1
15251.0,15,16551.07,0.04,0
15252.0,4,1663.18,0.13,0
15253.0,4,1310.74,0.35,0
15254.0,2,787.99,0.62,0
15255.0,8,2838.57,0.01,0
15256.0,2,170.4,0.89,1
15257.0,2,685.9,0.9,1
15258.0,2,623.16,0.8,1
15259.0,4,1182.3799999999999,0.85,1
15260.0,24,8993.08,0.03,0
15261.0,4,1508.0,0.82,1
15262.0,3,418.82,0.82,1
15264.0,1,454.66,0.24,0
15265.0,4,3345.64,0.75,1
15266.0,5,852.21,0.29,1
15267.0,2,1407.76,0.24,0
15268.0,3,961.9000000000001,0.9,1
15269.0,2,816.56,0.3,0
15270.0,18,7459.12,0.03,0
15271.0,16,3258.92,0.02,0
15272.0,4,1363.54,0.16,0
15273.0,1,228.96,0.92,1
15276.0,3,514.22,0.17,0
15277.0,1,220.44,0.19,0
15278.0,4,496.16,0.52,1
15279.0,5,1580.54,0.82,1
15280.0,3,406.21999999999997,0.81,1
15281.0,15,8403.2,0.26,0
15282.0,1,348.59,0.97,1
15283.0,3,148.32999999999998,0.97,1
15284.0,1,24.75,0.9,1
15285.0,1,94.91999999999999,0.95,1
15287.0,3,369.34000000000003,0.7,0
15288.0,9,3582.9700000000003,0.27,0
15289.0,4,1351.29,0.2,0
15290.0,17,5042.93,0.0,0
15291.0,36,12484.53,0.01,0
15292.0,1,180.94,0.98,1
15293.0,1,247.5,0.97,1
15294.0,1,233.35000000000002,0.89,1
15295.0,1,217.24,0.9,1
15296.0,10,8761.460000000001,0.0,0
15298.0,17,7426.67,0.0,0
15299.0,8,6519.54,0.12,0
15301.0,13,5757.05,0.06,0
15302.0,1,308.0,0.94,1
15303.0,3,1224.18,0.83,1
15304.0,7,717.0500000000001,0.15,0
15305.0,1,93.6,0.76,1
15306.0,7,2655.0,0.1,0
15308.0,1,310.47,0.76,1
15309.0,4,797.96,0.87,1
15310.0,1,1634.64,0.71,1
15311.0,173,97737.2,0.03,0
15312.0,10,2613.2400000000002,0.04,0
15314.0,3,820.45,0.85,1
15316.0,1,165.0,0.5875388609290879,1
15317.0,1,129.75,0.98,1
15319.0,1,204.5,0.91,1
15321.0,10,5120.89,0.03,0
15322.0,1,711.18,0.57,0
15323.0,3,434.6,0.87,1
15324.0,1,140.22000000000003,1.0,1
15325.0,7,1439.72,0.06,0
15326.0,5,1700.52,0.54,1
15328.0,1,107.24000000000001,0.94,1
15329.0,9,2243.73,0.33,0
15331.0,3,767.91,0.91,1
15332.0,6,6553.74,0.77,1
15333.0,1,1028.56,0.94,1
15334.0,3,351.67,0.87,1
15336.0,1,240.5,0.83,1
15337.0,1,373.02,0.86,1
15338.0,1,283.43,0.89,1
15339.0,6,1511.67,0.16,0
15340.0,1,105.5,0.97,1
15341.0,1,382.2,0.33,0
15346.0,3,596.12,0.85,1
15347.0,4,1363.6,0.76,1
15349.0,2,473.81,0.46,1
15350.0,2,663.25,0.78,1
15351.0,4,2052.85,0.17,0
15352.0,1,114.95,0.95,1
15353.0,7,3175.95,0.69,1
15354.0,3,284.4,0.87,1
15356.0,10,2676.17,0.17,0
15358.0,34,13632.82,0.0,0
15359.0,8,181.35,0.92,1
15361.0,4,689.07,0.51,1
15362.0,2,613.08,0.73,1
15363.0,2,1004.11,0.85,1
15364.0,1,331.8,0.67,0
15365.0,7,2451.42,0.08,0
15366.0,6,1892.1100000000001,0.13,0
15367.0,9,4619.92,0.06,0
15368.0,1,275.8,0.25,0
15369.0,11,6251.26,0.77,1
15370.0,5,2866.42,0.2,0
15371.0,1,59.400000000000006,0.99,1
15372.0,8,6017.06,0.7,1
15373.0,12,2525.78,0.05,0
15374.0,1,139.32,0.93,0
15375.0,1,60.96,0.96,1
15376.0,1,654.17,0.16,0
15377.0,4,1211.75,0.88,1
15378.0,2,246.5,0.43,1
15379.0,8,4877.84,0.76,1
15380.0,8,2371.36,0.07,0
15381.0,5,1890.57,0.61,1
15382.0,10,9904.960000000001,0.05,0
15384.0,4,2027.79,0.41,1
15385.0,2,625.2,0.25,0
15386.0,1,394.14,0.92,1
15387.0,1,468.65,0.93,1
15388.0,1,140.54,0.99,1
15389.0,5,2733.8,0.81,1
15390.0,2,1216.66,0.8,1
15391.0,1,289.87,0.77,1
15392.0,4,1715.07,0.14,0
15393.0,4,783.58,0.14,0
15394.0,9,4539.7,0.03,0
15395.0,1,107.45,0.89,1
15396.0,1,508.20000000000005,0.52,0
15397.0,1,94.0,0.98,1
15400.0,5,1044.9,0.4,0
15401.0,2,216.95,0.81,1
15402.0,6,1830.54,0.81,1
15403.0,2,170.88,0.66,1
15404.0,1,257.06,0.75,1
15405.0,2,659.84,0.9,1
15406.0,3,717.45,0.23,0
15407.0,3,740.73,0.26,0
15408.0,1,267.18,0.6,1
15409.0,1,131.25,1.0,1
15410.0,7,3596.81,0.12,0
15411.0,1,156.4,0.24,0
15412.0,1,190.53,0.94,1
15413.0,5,6798.72,0.89,1
15414.0,1,36.2,0.31,0
15415.0,1,572.8100000000001,0.71,1
15416.0,6,3732.83,0.05,0
15418.0,2,452.32,0.81,1
15420.0,6,743.0,0.78,1
15421.0,9,3594.34,0.18,0
15422.0,7,1619.97,0.82,1
15423.0,2,223.39,0.21,0
15424.0,3,597.78,0.83,1
15425.0,4,1944.57,0.55,1
15426.0,6,1830.98,0.3,0
15428.0,3,668.97,0.72,0
15430.0,2,954.75,0.82,1
15431.0,1,153.24,0.95,1
15432.0,1,149.57,0.32,0
15433.0,2,533.3,0.81,1
15434.0,7,1832.54,0.2,0
15436.0,1,489.05,0.11,0
15437.0,2,393.45,0.85,1
15439.0,4,1269.05,0.89,1
15440.0,2,237.66,0.2,0
15441.0,3,1254.21,0.67,1
15442.0,1,594.0,0.93,1
15443.0,8,2376.73,0.03,0
15445.0,2,284.5,0.8,1
15446.0,3,406.95,0.88,1
15447.0,5,492.88,0.85,1
15448.0,2,788.81,0.88,1
15449.0,2,647.7,0.1,0
15451.0,2,233.21,0.85,1
15452.0,4,1507.63,0.23,0
15453.0,2,345.03,0.31,0
15454.0,2,307.69,0.93,1
15455.0,1,38.25,0.99,1
15456.0,10,2119.27,0.75,1
15457.0,1,237.07,0.96,1
15458.0,1,208.8,0.3,0
15459.0,2,202.83,0.94,1
15460.0,1,216.76,0.94,1
15461.0,2,429.7,0.96,1
15462.0,3,672.25,0.25,0
15464.0,1,1048.85,0.88,1
15465.0,29,11293.16,0.01,0
15466.0,3,1236.48,0.25,0
15467.0,2,402.56,0.53,0
15468.0,1,962.97,0.23,0
15469.0,1,335.70000000000005,0.22,0
15470.0,1,63.419999999999995,0.65,1
15471.0,2,847.08,0.27,0
15473.0,1,274.8,0.18,0
15474.0,1,163.10000000000002,0.96,1
15476.0,4,2209.98,0.77,1
15477.0,1,368.4,0.93,1
15478.0,1,583.5600000000001,0.37,0
15479.0,1,147.4,0.78,1
15480.0,4,5373.5,0.12,0
15481.0,1,1993.34,0.96,1
15482.0,11,5641.1,0.14,0
15483.0,10,862.2,0.77,1
15484.0,2,1061.69,0.24,0
15485.0,6,4475.14,0.07,0
15486.0,1,102.0,0.98,1
15487.0,1,231.32,0.88,1
15488.0,4,340.6,0.25,0
15489.0,6,1633.5900000000001,0.1,0
15490.0,1,217.6,0.94,1
15491.0,4,2409.9500000000003,0.18,0
15493.0,7,3631.93,0.28,0
15494.0,3,2480.82,0.21,0
15495.0,1,246.5,0.98,1
15496.0,1,146.14,0.94,1
15497.0,8,8365.79,0.17,0
15498.0,33,20833.89,0.0,0
15499.0,1,161.6,0.99,1
15501.0,2,402.5,0.51,1
15502.0,6,6249.0,0.07,0
15503.0,2,267.15,0.82,1
15504.0,3,371.02,0.14,0
15505.0,1,944.16,0.31,0
15506.0,4,1270.12,0.26,0
15507.0,1,492.36,0.96,1
15508.0,6,1000.27,0.52,1
15509.0,1,166.51,0.93,1
15510.0,1,250.0,0.89,1
15512.0,4,331.58,0.92,1
15513.0,30,21698.24,0.07,0
15514.0,13,5021.03,0.03,0
15515.0,1,171.81,0.98,1
15517.0,1,267.03000000000003,0.92,1
15518.0,12,3670.72,0.05,0
15519.0,2,344.61,0.9,1
15521.0,13,6223.47,0.0,0
15523.0,15,16947.98,0.07,0
15524.0,1,151.4,0.97,0
15525.0,2,783.71,0.15,0
15527.0,20,4476.65,0.13,0
15528.0,1,229.33,0.96,1
15529.0,9,3515.8,0.07,0
15530.0,4,1480.1000000000001,0.15,0
15532.0,8,3092.66,0.05,0
15534.0,1,162.25,1.0,1
15535.0,6,1087.82,0.76,1
15536.0,1,259.09,0.86,1
15537.0,1,110.92,0.94,1
15538.0,6,3358.4,0.8,1
15540.0,1,247.38,0.32,0
15542.0,3,918.45,0.64,1
15543.0,2,242.84,0.87,1
15544.0,17,7063.37,0.0,0
15545.0,1,270.66,0.62,0
15546.0,2,1079.1000000000001,0.91,1
15547.0,19,7604.08,0.0,0
15548.0,1,158.09,0.84,1
15549.0,7,2284.38,0.26,0
15550.0,10,1922.21,0.17,0
15551.0,6,1274.02,0.39,0
15552.0,2,252.52,0.91,1
15554.0,1,217.2,0.63,1
15555.0,29,9862.39,0.01,0
15558.0,1,214.13,0.94,1
15559.0,1,1109.4,0.59,1
15560.0,2,153.52,0.97,1
15561.0,7,1583.47,0.17,0
15562.0,3,673.38,0.8,1
15563.0,5,2202.18,0.19,0
15564.0,2,70.74000000000001,0.61,1
15566.0,2,227.87,0.79,1
15569.0,6,2499.14,0.12,0
15570.0,22,7972.2,0.03,0
15571.0,10,3401.2,0.04,0
15572.0,6,2391.85,0.04,0
15573.0,3,599.73,0.55,0
15574.0,6,1518.7,0.74,1
15575.0,1,30.1,0.97,1
15577.0,5,397.98,0.87,1
15578.0,1,127.1,0.98,1
15579.0,4,1153.5,0.28,0
15580.0,8,1381.19,0.69,1
15581.0,35,4836.25,0.05,0
15582.0,1,303.61,0.3,0
15583.0,1,107.86,0.78,1
15584.0,3,707.04,0.23,0
15585.0,1,455.3,0.8,1
15586.0,3,1139.1,0.57,1
15587.0,5,1065.24,0.17,0
15588.0,1,579.6,0.47,1
15589.0,3,478.53000000000003,0.89,1
15590.0,5,1496.6,0.51,1
15591.0,3,217.9,0.89,1
15594.0,1,267.91,0.25,0
15595.0,1,357.59999999999997,0.84,1
15596.0,8,3113.14,0.11,0
15597.0,1,238.8,0.32,0
15598.0,1,307.34,0.31,0
15599.0,2,937.15,0.2,0
15600.0,4,1199.31,0.87,1
15601.0,26,13306.960000000001,0.03,0
15602.0,12,2475.59,0.02,0
15603.0,1,40.0,0.32,0
15605.0,7,1428.75,0.13,0
15606.0,15,4446.99,0.03,0
15607.0,9,1708.97,0.71,1
15608.0,1,692.3,0.17,0
15609.0,1,298.48,0.83,1
15611.0,19,1952.5,0.15,0
15613.0,1,433.71999999999997,0.85,1
15614.0,4,3147.36,0.76,1
15615.0,38,16875.41,0.01,0
15616.0,1,317.11,0.83,1
15617.0,3,828.5500000000001,0.83,1
15618.0,1,222.83100000000002,0.2,0
15620.0,3,1264.19,0.3,0
15622.0,13,6745.05,0.01,0
15623.0,8,2437.05,0.79,1
15624.0,3,520.03,0.23,0
15625.0,7,2647.41,0.03,0
15626.0,2,673.6,0.27,0
15627.0,2,566.9,0.77,1
15628.0,11,3787.14,0.04,0
15629.0,4,2240.9,0.79,1
15630.0,2,691.91,0.84,0
15631.0,1,596.67,0.8,1
15632.0,5,1942.23,0.1,0
15633.0,13,4352.46,0.81,1
15634.0,1,311.1,0.18,0
15635.0,1,100.35,0.85,1
15636.0,3,1026.52,0.6,0
15637.0,4,574.23,0.44,0
15638.0,6,2265.2,0.74,1
15639.0,2,639.76,0.22,0
15640.0,23,18871.6,0.02,0
15641.0,11,4763.7300000000005,0.07,0
15642.0,1,105.78,0.8,1
15643.0,3,664.0,0.64,1
15644.0,4,813.0,0.8,1
15645.0,2,443.16,0.21,0
15646.0,5,974.61,0.45,1
15647.0,1,169.0,0.92,1
15648.0,2,657.35,0.93,1
15649.0,4,2170.35,0.86,1
15650.0,2,553.88,0.37,1
15651.0,3,840.08,0.19,0
15652.0,4,1082.6,0.18,0
15655.0,1,560.6700000000001,0.87,1
15656.0,3,563.63,0.22,0
15658.0,8,2423.4700000000003,0.78,1
15659.0,2,226.04,0.23,0
15660.0,12,2096.47,0.06,0
15661.0,8,1215.95,0.38,1
15662.0,2,283.73,0.93,1
15664.0,3,867.6,0.23,0
15665.0,5,4015.12,0.71,1
15666.0,2,632.9399999999999,0.78,1
15668.0,1,76.32000000000001,1.0,1
15669.0,2,434.74,0.72,0
15670.0,2,325.2,0.93,1
15671.0,3,1033.13,0.25,0
15672.0,1,45.300000000000004,0.92,1
15673.0,8,5638.16,0.05,0
15674.0,12,5881.29,0.0,0
15675.0,3,443.74,0.18,0
15676.0,1,897.8,0.21,0
15677.0,2,648.4,0.22,0
15678.0,2,1541.19,0.68,0
15679.0,2,260.26,0.58,0
15680.0,8,3652.79,0.14,0
15681.0,12,2266.76,0.06,0
15682.0,2,318.24,0.84,1
15683.0,1,330.79,0.29,0
15684.0,3,173.95,0.96,1
15685.0,1,55.98,0.93,1
15686.0,1,90.0,0.99,1
15687.0,5,1679.45,0.1,0
15688.0,1,190.57,0.95,1
15689.0,2,370.43,0.84,0
15691.0,4,571.3,0.93,1
15693.0,1,37.5,0.93,1
15694.0,19,7637.19,0.01,0
15695.0,4,1131.04,0.85,1
15696.0,11,2808.01,0.05,0
15697.0,1,246.75,0.79,1
15698.0,1,46.2,0.9,1
15700.0,2,696.68,0.81,1
15702.0,2,140.39,0.93,1
15703.0,1,211.5,0.72,1
15704.0,6,3817.96,0.67,1
15705.0,1,143.1,1.0,1
15708.0,8,3714.9100000000003,0.4,0
15709.0,2,327.85,0.72,1
15710.0,1,898.87,0.58,1
15711.0,2,420.25,0.87,1
15712.0,9,2858.7000000000003,0.09,0
15713.0,4,1010.79,0.9,1
15714.0,3,453.93,0.26,0
15715.0,5,658.02,0.89,1
15716.0,11,3056.81,0.64,1
15717.0,5,607.0,0.64,1
15718.0,1,293.79,0.78,1
15719.0,27,8383.82,0.01,0
15720.0,1,143.19,0.19,0
15722.0,8,3806.19,0.08,0
15723.0,4,947.65,0.84,1
15724.0,3,310.85,0.9,1
15726.0,1,321.91,0.88,1
15727.0,13,7988.37,0.14,0
15728.0,2,544.6,0.81,1
15729.0,3,192.55,0.9,1
15730.0,3,1073.13,0.57,0
15731.0,1,125.3,0.99,1
15732.0,10,1682.07,0.23,1
15733.0,1,162.3,0.97,1
15734.0,3,1502.5,0.23,0
15735.0,1,327.68,0.86,1
15736.0,2,1815.72,0.73,1
15737.0,5,897.9300000000001,0.7,0
15738.0,36,11791.81,0.04,0
15741.0,2,208.62,0.91,1
15742.0,1,156.87,0.88,1
15743.0,1,322.55,0.27,0
15745.0,1,302.85,0.06,0
15747.0,7,1831.22,0.15,0
15748.0,2,465.45,0.36,0
15749.0,3,44534.3,0.89,1
15750.0,14,5441.541,0.01,0
15751.0,11,1380.44,0.69,1
15752.0,6,2858.59,0.02,0
15753.0,1,79.2,1.0,1
15754.0,7,2670.84,0.09,0
15755.0,13,4249.6,0.08,0
15756.0,3,364.84,0.15,0
15757.0,5,2487.3,0.19,0
15759.0,7,830.9300000000001,0.81,1
15760.0,2,13916.34,0.98,1
15761.0,1,143.05,0.92,1
15764.0,5,2917.63,0.34,0
15765.0,1,370.63,0.89,1
15766.0,2,516.0,0.3,0
15768.0,33,15458.41,0.06,0
15769.0,35,65826.32,0.04,0
15770.0,1,321.45,0.83,1
15771.0,3,1006.54,0.87,1
15772.0,1,280.88,0.69,1
15773.0,1,138.84,0.25,0
15774.0,5,1059.14,0.11,0
15775.0,2,150.5,0.64,1
15777.0,7,1762.6100000000001,0.7,1
15778.0,1,307.95000000000005,0.9,1
15779.0,2,124.08000000000001,0.95,1
15780.0,3,475.28000000000003,0.9,1
15781.0,2,211.3,0.32,0
15782.0,1,1399.36,0.86,0
15784.0,2,848.33,0.64,1
15785.0,15,5306.79,0.0,0
15786.0,2,3582.62,0.13,0
15788.0,1,221.83,0.79,1
15789.0,6,1962.01,0.45,1
15791.0,4,3218.89,0.17,0
15792.0,2,933.84,0.84,1
15793.0,6,1740.6000000000001,0.18,0
15794.0,2,777.0,0.77,1
15795.0,8,1979.8700000000001,0.83,1
15796.0,13,3714.19,0.03,0
15797.0,5,2453.88,0.75,0
15798.0,3,1535.3700000000001,0.89,1
15799.0,3,1021.39,0.25,0
15800.0,6,788.0,0.26,0
15802.0,1,451.42,0.99,1
15803.0,3,1513.84,0.4,0
15804.0,2,1125.39,0.18,0
15805.0,23,7658.5,0.04,0
15806.0,2,521.88,0.26,0
15807.0,2,913.62,0.19,0
15808.0,21,18409.93,0.66,1
15809.0,6,1157.88,0.22,0
15810.0,7,2968.25,0.01,0
15811.0,5,2966.7400000000002,0.11,0
15812.0,11,4987.57,0.0,0
15813.0,2,1303.91,0.8,1
15814.0,2,689.11,0.28,0
15815.0,4,1874.7,0.1,0
15816.0,2,144.15,0.98,1
15817.0,3,2766.4,0.76,1
15818.0,1,340.5,0.96,1
15819.0,8,3206.48,0.08,0
15820.0,1,206.98,0.92,1
15822.0,5,1394.79,0.11,0
15823.0,3,3897.17,0.79,1
15824.0,2,890.94,0.49,1
15825.0,1,532.94,0.96,1
15826.0,2,1663.97,0.25,0
15827.0,26,3333.69,0.01,0
15828.0,1,1108.82,0.9,1
15829.0,1,325.44,0.26,0
15831.0,1,309.94,0.26,0
15832.0,1,836.79,0.69,1
15833.0,1,80.4,0.95,1
15834.0,6,3331.06,0.06,0
15835.0,3,675.51,0.24,0
15837.0,1,385.03000000000003,0.85,0
15838.0,25,50087.479999999996,0.15,0
15839.0,1,299.18,0.18,0
15840.0,1,241.74,0.32,0
15841.0,7,2131.61,0.34,0
15842.0,2,548.8,0.86,1
15843.0,1,118.95,0.98,1
15845.0,8,3241.27,0.19,0
15846.0,1,107.01,0.97,1
15847.0,4,613.98,0.59,0
15848.0,1,139.94,0.68,1
15850.0,5,938.75,0.3,0
15851.0,1,109.73,0.92,1
15852.0,3,257.26,0.84,1
15854.0,18,5002.85,0.02,0
15855.0,6,1052.72,0.8,1
15856.0,36,26347.98,0.0,0
15857.0,1,273.48,0.32,0
15858.0,10,3337.74,0.02,0
15859.0,1,438.46,0.88,1
15860.0,13,2068.4900000000002,0.37,0
15861.0,7,2366.43,0.11,0
15862.0,11,2586.42,0.08,0
15863.0,4,299.06,0.16,0
15864.0,3,658.7,0.14,0
15865.0,3,1667.72,0.75,0
15867.0,27,7875.21,0.0,0
15868.0,1,94.53,0.95,1
15869.0,3,323.66,0.91,1
15870.0,3,508.52,0.21,0
15871.0,1,33.1,0.91,1
15872.0,2,434.75,0.19,0
15873.0,4,313.91999999999996,0.9,1
15874.0,20,9086.63,0.16,0
15875.0,1,111.72,0.99,1
15876.0,2,1449.14,0.34,1
15878.0,2,330.77,0.92,1
15879.0,4,1157.3,0.76,1
15880.0,1,686.56,0.81,1
15881.0,5,501.39000000000004,0.93,1
15882.0,8,1495.98,0.75,1
15884.0,2,249.70000000000005,0.83,1
15885.0,13,1587.47,0.14,0
15886.0,3,871.78,0.16,0
15887.0,3,1027.15,0.86,1
15888.0,2,260.85,0.2,0
15889.0,8,1806.28,0.81,1
15890.0,5,535.65,0.63,1
15891.0,1,524.52,0.51,1
15892.0,1,128.2,0.7,1
15893.0,1,305.28000000000003,0.99,1
15894.0,2,420.29,0.85,1
15895.0,1,179.17,0.95,1
15897.0,2,222.05,0.92,1
15898.0,24,5210.42,0.05,0
15899.0,1,112.5,0.68,1
15900.0,3,549.29,0.11,0
15901.0,5,449.83,0.5,0
15902.0,1,145.01,0.97,1
15903.0,7,4454.72,0.21,0
15905.0,1,114.69,0.89,1
15906.0,7,1785.66,0.18,0
15907.0,2,529.52,0.38,0
15908.0,2,764.57,0.94,1
15909.0,1,191.94,0.96,1
15910.0,11,2000.23,0.18,0
15911.0,8,1702.34,0.71,1
15912.0,9,1074.7,0.88,1
15913.0,1,6.300000000000001,0.94,1
15914.0,2,205.99,0.91,1
15915.0,1,429.21,0.76,1
15916.0,10,2747.61,0.01,0
15917.0,5,560.63,0.8,1
15918.0,3,582.88,0.8,1
15919.0,1,541.44,0.66,0
15920.0,9,571.64,0.9,1
15921.0,4,802.11,0.79,1
15922.0,1,739.0,0.83,1
15923.0,1,254.16,0.92,1
15924.0,1,102.82000000000001,0.92,1
15925.0,1,207.15,0.94,1
15926.0,1,134.44,0.98,1
15927.0,1,123.39,0.99,1
15928.0,1,293.53,0.91,1
15929.0,1,594.0,0.98,1
15931.0,1,239.9,0.89,1
15932.0,5,1583.37,0.06,0
15934.0,2,2190.66,0.83,1
15935.0,2,416.86,0.93,1
15936.0,2,282.79,0.92,1
15938.0,8,665.53,0.15,0
15939.0,11,8165.25,0.12,0
15940.0,1,35.8,0.84,1
15941.0,1,405.0,0.88,1
15943.0,2,271.28999999999996,0.91,1
15944.0,4,2164.24,0.73,1
15945.0,4,827.27,0.82,1
15946.0,3,2304.1800000000003,0.85,1
15948.0,1,553.85,0.77,0
15950.0,7,5844.02,0.1,0
15951.0,2,680.12,0.17,0
15952.0,2,327.8,0.29,0
15953.0,14,2836.31,0.06,0
15954.0,1,190.75,0.87,1
15955.0,11,5687.72,0.22,0
15956.0,2,617.6,0.54,1
15957.0,2,501.21,0.18,0
15958.0,3,388.64,0.13,0
15959.0,3,579.49,0.85,1
15960.0,4,410.95,0.9,1
15961.0,1,451.28999999999996,0.79,1
15962.0,1,295.83,0.84,1
15964.0,1,272.96000000000004,0.93,1
15965.0,10,2323.64,0.04,0
15966.0,1,426.53,0.8,1
15967.0,11,2796.57,0.06,0
15968.0,1,418.05,0.89,1
15969.0,3,769.65,0.21,0
15970.0,2,1017.3199999999999,0.81,1
15971.0,12,3521.03,0.06,0
15972.0,5,1810.27,0.73,1
15973.0,3,988.4399999999999,0.62,1
15974.0,4,2054.85,0.19,0
15976.0,6,1746.6399999999999,0.75,1
15978.0,2,2180.64,0.21,0
15979.0,1,329.21999999999997,0.86,1
15980.0,5,4955.0,0.12,0
15981.0,19,8412.49,0.03,0
15982.0,1,324.51,0.82,1
15983.0,7,3632.07,0.09,0
15984.0,25,6703.7300000000005,0.0,0
15985.0,6,2472.44,0.11,0
15986.0,1,186.3,0.35,0
15987.0,6,1034.22,0.29,0
15988.0,2,612.0600000000001,0.28,0
15989.0,2,372.51,0.84,1
15990.0,6,1619.31,0.51,0
15991.0,1,150.55,0.92,1
15992.0,2,854.61,0.22,0
15994.0,2,775.11,0.64,0
15995.0,1,696.1899999999999,0.8,1
15996.0,5,1422.52,0.17,0
15998.0,14,7330.43,0.04,0
15999.0,1,20.4,0.81,1
16001.0,1,583.39,0.94,1
16002.0,1,169.21,0.99,1
16003.0,8,4672.36,0.13,0
16004.0,5,2146.39,0.7,1
16005.0,8,2118.91,0.22,0
16006.0,2,347.17,0.86,1
16007.0,5,2106.65,0.18,0
16008.0,13,5044.5,0.03,0
16009.0,1,462.19,0.6,0
16010.0,11,1724.06,0.71,1
16011.0,22,4034.64,0.02,0
16012.0,3,1939.55,0.16,0
16013.0,65,37881.4,0.03,0
16014.0,4,997.82,0.19,0
16016.0,7,1842.75,0.27,0
16017.0,4,1341.95,0.56,0
16018.0,3,451.13,0.16,0
16019.0,25,16631.86,0.04,0
16021.0,2,532.25,0.7,1
16022.0,1,628.28,0.82,1
16023.0,2,500.69,0.18,0
16024.0,2,232.96,0.34,0
16027.0,14,1889.96,0.03,0
16028.0,1,82.2,0.96,1
16029.0,81,81973.92,0.06,0
16030.0,1,331.24,0.94,1
16031.0,1,305.63,0.79,0
16032.0,6,1970.45,0.75,1
16033.0,21,6579.2,0.05,0
16034.0,6,928.72,0.64,1
16035.0,1,217.73,0.91,1
16036.0,3,1986.65,0.49,0
16037.0,5,1509.34,0.23,1
16038.0,2,393.33,0.29,0
16039.0,2,456.4,0.55,1
16040.0,6,1979.53,0.15,0
16041.0,2,2739.8,0.31,0
16042.0,4,1092.8,0.29,0
16043.0,7,1759.0900000000001,0.14,0
16044.0,1,340.84000000000003,0.89,1
16045.0,7,3224.88,0.12,0
16046.0,1,235.78,0.87,1
16047.0,1,107.14,0.98,1
16048.0,4,1075.23,0.77,1
16049.0,3,787.89,0.07,0
16050.0,3,300.7,0.79,1
16051.0,1,188.44,0.97,1
16053.0,4,2122.89,0.06,0
16054.0,4,2111.88,0.86,1
16055.0,1,134.8,0.96,1
16057.0,6,2651.27,0.33,0
16058.0,1,62.7,0.93,1
16059.0,10,2709.21,0.04,0
16060.0,3,541.95,0.78,1
16061.0,1,89.65,0.91,1
16062.0,6,2288.01,0.13,0
16063.0,1,335.32,0.91,1
16064.0,1,111.0,0.94,1
16065.0,8,2382.62,0.25,1
16067.0,3,3395.29,0.38,1
16068.0,1,122.93,0.89,1
16069.0,1,457.7,0.79,1
16071.0,3,750.5600000000001,0.24,0
16072.0,4,4328.89,0.79,1
16073.0,1,122.4,0.9766516174743397,1
16074.0,1,265.25,0.93,1
16075.0,2,736.9300000000001,0.84,1
16076.0,2,630.9200000000001,0.24,0
16077.0,1,2300.3999999999996,0.79,1
16078.0,2,362.99,0.91,1
16080.0,3,515.66,0.17,0
16081.0,6,2645.65,0.14,0
16082.0,1,106.75,0.89,1
16083.0,3,1371.78,0.13,0
16084.0,1,436.18,0.96,1
16085.0,9,1687.06,0.14,0
16086.0,8,2330.66,0.05,0
16087.0,5,1739.92,0.78,1
16088.0,2,1437.43,0.48,1
16089.0,2,271.44,0.88,1
16090.0,1,205.91,0.8,1
16091.0,2,315.06,0.91,1
16092.0,5,1363.81,0.15,0
16094.0,8,2869.43,0.04,0
16095.0,1,447.05,0.81,1
16096.0,4,1584.97,0.76,1
16097.0,1,185.04999999999998,0.86,1
16098.0,12,3954.64,0.03,0
16099.0,6,1433.4,0.15,0
16100.0,1,582.64,0.82,1
16101.0,3,1938.46,0.14,0
16103.0,20,5918.47,0.01,0
16104.0,8,2476.25,0.05,0
16105.0,5,2386.19,0.62,1
16107.0,2,851.7,0.22,0
16108.0,3,1393.42,0.3,0
16109.0,3,939.48,0.85,1
16110.0,3,1175.72,0.15,0
16111.0,1,562.48,0.82,1
16112.0,4,195.74,0.86,1
16113.0,1,161.38,0.98,1
16114.0,1,135.75000000000003,0.94,1
16115.0,8,1565.83,0.07,0
16116.0,1,612.78,0.83,1
16117.0,3,654.4,0.82,1
16118.0,1,4376.25,0.89,1
16119.0,6,1297.45,0.18,0
16120.0,2,1747.77,0.22,0
16121.0,4,897.87,0.15,0
16122.0,4,566.76,0.24,0
16124.0,4,1772.49,0.67,1
16125.0,14,4587.65,0.58,1
16126.0,13,10203.03,0.1,0
16127.0,1,145.06,0.36,0
16128.0,8,2615.53,0.0,0
16129.0,3,1396.05,0.75,1
16130.0,4,987.48,0.9,1
16131.0,8,8115.4,0.02,0
16132.0,2,664.2,0.46,1
16133.0,37,15991.03,0.02,0
16134.0,4,1810.78,0.12,0
16135.0,2,819.45,0.92,1
16136.0,2,396.72,0.39,0
16137.0,1,422.7,0.82,1
16138.0,3,910.35,0.67,1
16139.0,3,615.54,0.63,0
16140.0,2,956.5600000000001,0.18,0
16141.0,1,335.54,0.21,0
16142.0,1,535.34,0.9,1
16143.0,10,4060.06,0.05,0
16144.0,1,175.2,0.9543564115065821,1
16145.0,14,4962.74,0.04,0
16146.0,4,946.38,0.75,1
16147.0,4,2023.91,0.12,0
16148.0,2,386.62,0.77,1
16149.0,2,305.38,0.16,0
16150.0,7,3307.05,0.13,0
16152.0,1,1829.04,0.95,1
16153.0,9,4009.36,0.09,0
16155.0,5,796.9,0.92,1
16156.0,16,4541.31,0.01,0
16158.0,9,628.32,0.62,1
16159.0,4,1232.79,0.4,1
16161.0,36,10319.94,0.0,0
16162.0,1,37.4,0.99,1
16163.0,6,2849.58,0.75,1
16165.0,1,79.9,0.99,1
16166.0,2,435.83000000000004,0.92,1
16167.0,5,1386.12,0.71,1
16168.0,51,8635.99,0.01,0
16170.0,18,6233.82,0.02,0
16172.0,5,1295.69,0.13,0
16174.0,6,1942.55,0.08,0
16175.0,6,1535.74,0.21,0
16176.0,4,2052.69,0.75,1
16177.0,7,1915.3600000000001,0.44,0
16178.0,2,612.6,0.62,1
16180.0,11,12208.07,0.11,0
16182.0,7,5871.0,0.15,0
16183.0,3,739.1,0.2,0
16184.0,2,447.89,0.2,0
16185.0,2,450.31,0.29,0
16186.0,21,6960.56,0.0,0
16187.0,8,3475.62,0.13,0
16188.0,4,860.83,0.31,0
16190.0,7,2508.4700000000003,0.06,0
16191.0,19,13123.18,0.07,0
16192.0,1,351.3,1.0,1
16193.0,2,630.4300000000001,0.83,1
16194.0,1,308.6,0.94,1
16195.0,1,323.25,0.96,1
16196.0,1,93.3,0.9,1
16197.0,9,2016.71,0.66,1
16198.0,1,629.36,0.39,0
16199.0,7,942.75,0.78,1
16200.0,11,5113.4,0.06,0
16201.0,1,248.65,0.69,0
16202.0,9,2501.9900000000002,0.59,1
16203.0,5,899.94,0.4,0
16204.0,2,538.53,0.29,0
16205.0,4,1181.58,0.18,0
16206.0,11,2354.01,0.1,0
16208.0,9,3273.78,0.0,0
16209.0,7,3788.42,0.26,0
16210.0,26,27996.420000000002,0.02,0
16211.0,2,543.5699999999999,0.6,0
16212.0,3,1101.52,0.21,0
16214.0,4,2038.25,0.5,1
16216.0,1,914.9300000000001,0.9,1
16217.0,2,304.25,0.88,1
16218.0,11,3536.05,0.02,0
16219.0,1,40.8,0.98,1
16221.0,8,1686.02,0.09,0
16222.0,2,1345.22,0.84,1
16223.0,2,1102.35,0.88,1
16224.0,4,1187.12,0.21,0
16225.0,14,2724.73,0.08,0
16226.0,5,672.1700000000001,0.79,1
16227.0,3,1027.22,0.66,1
16228.0,3,890.81,0.7,1
16229.0,5,2215.46,0.11,0
16230.0,2,542.03,0.75,1
16231.0,4,1078.22,0.39,1
16232.0,6,2447.13,0.05,0
16233.0,8,1755.53,0.32,0
16234.0,3,333.18,0.93,1
16235.0,7,1851.69,0.08,0
16237.0,1,136.65,0.87,1
16238.0,1,63.66,0.98,1
16239.0,5,1425.9,0.11,0
16241.0,9,2925.5,0.04,0
16242.0,10,4717.78,0.06,0
16244.0,2,2579.38,0.78,1
16245.0,1,453.98,0.27,0
16246.0,2,827.25,0.59,1
16247.0,1,114.56,0.91,1
16249.0,3,1352.27,0.14,0
16250.0,3,791.38,0.9,1
16251.0,1,128.31,0.83,1
16252.0,1,295.09000000000003,0.98,1
16253.0,6,5326.69,0.04,0
16254.0,3,985.14,0.86,1
16255.0,12,3787.32,0.01,0
16256.0,3,1629.3700000000001,0.78,1
16257.0,1,46.95,0.98,1
16258.0,13,9725.27,0.03,0
16259.0,3,361.94,0.62,1
16261.0,3,567.58,0.63,0
16262.0,1,755.15,0.88,1
16263.0,1,351.01,0.86,1
16264.0,2,837.53,0.43,1
16265.0,9,5114.21,0.26,0
16266.0,12,1546.8,0.08,0
16267.0,1,186.66,0.95,1
16269.0,1,717.57,0.89,1
16270.0,1,1141.24,0.64,1
16271.0,7,2627.39,0.03,0
16273.0,2,336.03999999999996,0.82,1
16274.0,1,715.9,0.95,1
16275.0,3,2151.11,0.82,1
16276.0,3,2629.3900000000003,0.85,1
16277.0,1,188.69,0.99,1
16278.0,2,551.46,0.29,0
16279.0,7,4554.58,0.02,0
16280.0,1,238.05,0.92,1
16281.0,2,1361.96,0.27,0
16282.0,3,1307.5800000000002,0.4,1
16283.0,5,3309.38,0.07,0
16284.0,1,205.8,0.36,0
16285.0,1,176.9,0.97,1
16286.0,2,328.95000000000005,0.82,1
16287.0,5,1006.98,0.79,1
16288.0,1,129.85,0.99,1
16289.0,1,136.31,0.87,1
16290.0,4,2069.3,0.8,1
16291.0,1,117.72,0.97,1
16292.0,4,951.51,0.17,0
16293.0,9,3538.7000000000003,0.06,0
16294.0,1,126.05000000000001,1.0,1
16296.0,4,1313.67,0.82,1
16297.0,1,301.9,0.77,1
16298.0,5,601.8,0.14,0
16299.0,1,193.65,0.96,1
16300.0,3,1392.43,0.71,1
16301.0,1,107.33,0.72,1
16303.0,5,3394.82,0.19,0
16304.0,1,381.66,0.84,1
16305.0,1,361.22,0.79,1
16306.0,7,1192.82,0.86,1
16307.0,3,1194.92,0.8,1
16308.0,5,3520.0,0.22,0
16309.0,1,334.2,0.84,0
16310.0,2,460.08,0.84,1
16312.0,1,171.15,0.93,1
16314.0,3,1491.4,0.78,1
16315.0,2,402.71,0.79,1
16316.0,12,5018.81,0.08,0
16317.0,4,1884.2,0.21,0
16319.0,1,404.40000000000003,0.84,1
16320.0,6,5628.99,0.13,1
16321.0,5,454.55,0.2,0
16323.0,2,353.66,0.85,1
16324.0,1,166.56,0.33,0
16325.0,11,3419.28,0.29,0
16326.0,16,2789.95,0.11,0
16327.0,14,9356.76,0.03,0
16328.0,1,310.83,0.92,1
16329.0,4,1703.07,0.86,1
16330.0,4,382.42,0.75,0
16331.0,6,2037.7,0.75,1
16332.0,6,847.48,0.17,0
16333.0,16,13087.2,0.31,0
16334.0,1,277.48,0.96,1
16335.0,7,2774.0,0.29,1
16336.0,4,3517.69,0.5,1
16338.0,1,214.8,0.85,1
16339.0,1,109.95,0.84,1
16340.0,2,976.99,0.12,0
16341.0,4,2676.57,0.38,0
16342.0,2,226.21,0.61,0
16343.0,1,316.59,0.72,0
16344.0,4,842.42,0.92,1
16345.0,1,623.33,0.5,0
16346.0,1,224.51,0.88,1
16347.0,9,2621.76,0.05,0
16348.0,4,912.09,0.09,0
16349.0,1,53.5,0.97,1
16350.0,6,1514.1200000000001,0.3,0
16351.0,13,3330.03,0.71,1
16353.0,27,6143.86,0.0,0
16354.0,3,733.71,0.23,0
16355.0,1,416.35,0.87,1
16356.0,6,415.87,0.91,1
16357.0,3,467.44,0.19,0
16358.0,2,1354.3000000000002,0.23,0
16359.0,13,2193.66,0.05,0
16362.0,1,212.17000000000002,0.24,0
16364.0,1,347.55,0.34,0
16365.0,12,2575.39,0.09,0
16366.0,3,1220.83,0.19,0
16367.0,2,728.82,0.6,0
16368.0,1,142.78,0.27,0
16369.0,5,1465.6000000000001,0.16,0
16370.0,2,546.58,0.17,0
16371.0,1,157.2,0.94,1
16372.0,3,960.68,0.2,0
16373.0,2,309.49,0.8,1
16374.0,4,1454.72,0.11,0
16375.0,2,104.0,0.94,1
16377.0,2,1308.48,0.8,1
16378.0,3,362.95,0.89,1
16381.0,2,258.7,0.88,1
16382.0,2,353.1,0.57,1
16383.0,6,2615.94,0.07,0
16384.0,3,1183.55,0.28,0
16385.0,4,749.57,0.42,0
16386.0,2,846.49,0.73,0
16387.0,5,918.55,0.65,1
16388.0,1,186.05,0.96,1
16389.0,2,670.1700000000001,0.2,0
16390.0,3,467.5,0.88,1
16391.0,4,1103.61,0.84,1
16392.0,3,763.05,0.76,1
16393.0,18,4022.08,0.05,0
16394.0,3,933.1,0.18,0
16395.0,12,3018.2,0.04,0
16396.0,1,137.8,0.9,1
16397.0,1,127.88,0.7,1
16398.0,2,1705.8,0.44,1
16399.0,2,411.66,0.64,0
16400.0,8,2855.5099999999998,0.06,0
16401.0,17,4722.62,0.03,0
16402.0,2,511.4,0.78,1
16403.0,1,177.5,0.82,1
16405.0,2,167.25,0.87,1
16406.0,2,389.61,0.25,0
16407.0,10,1755.33,0.12,0
16408.0,1,231.93,0.93,1
16409.0,10,4719.43,0.05,0
16410.0,1,130.32,0.91,1
16411.0,3,827.04,0.14,0
16412.0,4,495.4,0.76,0
16413.0,1,266.78000000000003,0.18,0
16414.0,4,484.26,0.19,0
16415.0,2,509.09,0.18,0
16416.0,6,1921.48,0.05,0
16417.0,1,35.7,0.72,1
16418.0,3,572.58,0.25,0
16419.0,6,1265.88,0.62,0
16420.0,1,75.0,0.95,1
16421.0,3,526.27,0.79,1
16422.0,93,54066.83,0.03,0
16424.0,2,443.06,0.92,1
16425.0,1,302.7,0.92,1
16426.0,1,328.37,0.37,0
16427.0,2,241.06,0.94,1
16428.0,3,660.28,0.82,1
16430.0,6,817.09,0.22,0
16431.0,3,642.81,0.33,1
16433.0,1,200.26,0.27,0
16434.0,8,1943.71,0.2,0
16435.0,3,1011.57,0.75,1
16436.0,3,329.34,0.85,1
16437.0,2,301.25,0.76,1
16439.0,1,310.70000000000005,0.93,1
16440.0,2,488.76,0.16,0
16441.0,4,864.23,0.08,0
16442.0,4,719.71,0.16,0
16443.0,1,162.24,0.6014471178049743,1
16444.0,15,3241.9900000000002,0.01,0
16445.0,3,372.22,0.5,0
16446.0,1,2.9,0.31,0
16447.0,3,775.14,0.82,1
16448.0,2,367.87,0.92,1
16449.0,2,707.69,0.86,1
16450.0,3,1505.73,0.77,1
16451.0,2,746.1800000000001,0.23,0
16452.0,2,332.17,0.86,1
16453.0,2,251.71,0.81,1
16454.0,2,24.05,0.71,0
16455.0,9,3676.9700000000003,0.03,0
16456.0,11,6281.15,0.23,0
16457.0,1,208.36,0.54,1
16458.0,21,3945.3,0.22,0
16459.0,1,71.79,1.0,1
16461.0,3,1615.22,0.89,1
16462.0,2,68.0,0.23,0
16463.0,1,319.37,0.7,0
16464.0,1,385.0,0.13,0
16465.0,2,746.24,0.65,1
16466.0,11,2757.9700000000003,0.09,0
16467.0,7,2869.16,0.73,1
16468.0,2,712.62,0.25,0
16469.0,3,455.36,0.73,0
16470.0,9,2041.8700000000001,0.07,0
16471.0,4,1189.98,0.84,1
16472.0,2,789.6,0.71,1
16473.0,4,470.83,0.84,1
16474.0,1,355.57,0.16,0
16475.0,3,459.3,0.16,0
16476.0,1,350.35,0.93,1
16477.0,9,3378.07,0.05,0
16481.0,1,453.38,0.57,1
16483.0,1,139.35,0.8,1
16484.0,2,404.3,0.7,1
16485.0,4,1931.03,0.11,0
16486.0,1,134.36,1.0,1
16487.0,2,209.4,0.86,1
16488.0,1,219.06,0.21,0
16489.0,2,303.7,0.93,1
16490.0,1,205.41000000000003,0.94,1
16491.0,1,801.66,0.7,0
16492.0,1,385.56,0.78,1
16493.0,6,1562.75,0.1,0
16494.0,1,826.53,0.88,1
16495.0,2,246.51,0.44,0
16496.0,5,1916.29,0.06,0
16497.0,22,5280.29,0.01,0
16498.0,2,100.97,0.9,1
16499.0,8,2578.34,0.8,1
16500.0,4,608.05,0.16,0
16501.0,1,1237.23,0.83,1
16502.0,2,266.5,0.93,1
16503.0,10,3275.8,0.0,0
16507.0,1,152.76,0.86,1
16508.0,1,248.8,0.83,1
16509.0,1,363.70000000000005,0.9,1
16510.0,6,2100.0,0.83,1
16511.0,5,1451.46,0.15,0
16515.0,8,2576.78,0.1,0
16517.0,1,162.7,1.0,1
16518.0,3,665.75,0.74,0
16519.0,3,444.88,0.21,0
16520.0,6,2482.62,0.7,1
16521.0,3,1148.01,0.63,1
16522.0,2,433.36,0.97,1
16523.0,18,6524.71,0.0,0
16524.0,2,308.14,0.95,1
16525.0,41,21205.74,0.0,0
16526.0,2,717.21,0.85,1
16527.0,1,1044.38,0.21,0
16529.0,4,2012.0,0.9,1
16530.0,1,48.349999999999994,0.91,1
16531.0,7,1538.57,0.13,0
16532.0,4,6524.639999999999,0.17,0
16534.0,1,635.9,0.92,1
16535.0,2,407.84,0.31,0
16537.0,1,23.35,0.85,1
16538.0,3,399.62,0.91,1
16539.0,9,3396.81,0.05,0
16540.0,1,226.70000000000002,0.87,1
16541.0,1,424.03000000000003,0.97,1
16542.0,1,137.7,0.36,0
16543.0,1,292.21,0.9,1
16544.0,4,376.70000000000005,0.71,1
16545.0,2,689.8199999999999,0.78,1
16546.0,5,5606.47,0.82,1
16547.0,1,111.71,0.97,1
16548.0,1,30.15,0.96,1
16549.0,25,9147.04,0.03,0
16550.0,17,8908.41,0.04,0
16551.0,5,1626.07,0.1,0
16552.0,2,475.02,0.9,1
16553.0,33,16644.01,0.62,1
16554.0,7,2318.73,0.14,0
16555.0,4,1629.79,0.33,0
16556.0,15,6783.03,0.03,0
16557.0,1,101.15,0.38,0
16558.0,30,9693.83,0.01,0
16559.0,1,185.20000000000002,0.99,1
16560.0,7,2539.15,0.08,0
16562.0,1,223.86,0.91,1
16563.0,5,3345.02,0.07,0
16564.0,1,87.80000000000001,0.97,1
16565.0,4,773.0500000000001,0.9,1
16566.0,3,463.88,0.65,0
16567.0,2,865.6,0.9,1
16568.0,2,1020.9,0.83,1
16569.0,4,1331.03,0.16,0
16570.0,15,5530.46,0.0,0
16571.0,9,3723.84,0.02,0
16572.0,2,642.28,0.12,0
16573.0,1,292.63,0.29,0
16574.0,2,850.34,0.15,0
16576.0,2,540.87,0.55,1
16577.0,1,380.0,0.91,1
16578.0,1,156.6,0.93,1
16579.0,1,295.05,0.73,1
16581.0,1,105.84,0.98,1
16583.0,2,531.4,0.84,1
16584.0,4,2839.53,0.06,0
16585.0,2,341.59000000000003,0.91,1
16586.0,3,1462.78,0.45,1
16587.0,1,225.15,0.86,1
16588.0,4,1361.28,0.82,1
16589.0,2,270.8,0.69,0
16590.0,2,605.9,0.89,1
16592.0,22,5908.56,0.0,0
16593.0,7,996.61,0.28,0
16595.0,4,1450.02,0.2,0
16596.0,3,450.13,0.24,0
16598.0,1,145.05,0.9,1
16599.0,1,172.8,0.98,1
16600.0,9,1577.35,0.15,0
16601.0,2,439.45,0.28,0
16602.0,1,235.25,0.1,0
16604.0,2,432.45000000000005,1.0,1
16605.0,1,60.48,0.95,1
16606.0,2,357.66,0.92,1
16607.0,19,4497.92,0.01,0
16608.0,2,1288.72,0.85,1
16609.0,5,2710.04,0.26,0
16610.0,1,75.66,1.0,1
16611.0,6,1785.13,0.63,1
16612.0,7,2766.67,0.02,0
16614.0,3,1179.79,0.6,1
16615.0,1,291.5,0.64,1
16616.0,1,210.1,0.33,0
16617.0,1,151.85,1.0,1
16618.0,4,1441.29,0.2,0
16619.0,4,1938.3300000000002,0.75,1
16620.0,5,1675.73,0.14,0
16621.0,3,609.41,0.21,0
16622.0,1,225.4,0.59,1
16623.0,4,1015.24,0.84,1
16624.0,1,426.43,0.32,0
16625.0,5,1654.03,0.78,1
16626.0,5,1830.04,0.05,0
16628.0,5,1253.59,0.24,0
16630.0,1,106.80000000000001,0.92,1
16631.0,7,1892.52,0.74,1
16632.0,2,406.4,0.58,1
16633.0,2,703.32,0.35,0
16634.0,6,1814.6100000000001,0.78,1
16635.0,1,473.0,0.9,1
16636.0,4,3802.04,0.74,1
16637.0,1,303.62,0.32,0
16638.0,11,1961.25,0.1,0
16639.0,3,961.62,0.56,0
16640.0,1,179.4,0.95,1
16641.0,1,323.4,0.44,0
16642.0,2,696.85,0.16,0
16643.0,2,923.11,0.55,1
16644.0,2,833.78,0.88,1
16645.0,1,160.39000000000001,0.98,1
16646.0,1,678.8,0.82,1
16647.0,4,541.9,0.88,1
16648.0,2,382.14,0.31,0
16649.0,1,306.58,0.74,1
16650.0,6,1397.69,0.16,0
16651.0,1,136.2,0.96,1
16652.0,12,13831.04,0.09,0
16654.0,8,1711.47,0.29,1
16655.0,9,3984.55,0.0,0
16656.0,23,13463.73,0.04,0
16657.0,2,446.11,0.11,0
16658.0,6,814.07,0.43,1
16659.0,1,39.12,0.85,1
16660.0,5,996.26,0.19,0
16661.0,4,986.63,0.64,1
16662.0,1,163.8,0.93,1
16663.0,1,165.0,0.5875388609290879,1
16664.0,1,109.2,0.98,1
16665.0,1,135.4,0.97,1
16666.0,1,106.96,0.32,0
16667.0,1,203.35,0.3,0
16668.0,11,771.94,0.12,0
16670.0,16,6483.01,0.01,0
16671.0,1,1382.88,0.34,0
16672.0,14,5586.54,0.06,0
16673.0,1,188.83,0.95,1
16675.0,2,608.86,0.75,1
16676.0,5,1868.28,0.04,0
16677.0,2,880.62,0.85,1
16678.0,6,1503.59,0.11,0
16679.0,3,793.0600000000001,0.81,1
16680.0,2,637.75,0.26,0
16681.0,5,1484.18,0.06,0
16682.0,2,626.3000000000001,0.08,0
16683.0,1,320.25,0.86,1
16684.0,44,113940.71,0.02,0
16686.0,13,3237.66,0.09,0
16687.0,1,157.63,1.0,1
16690.0,3,213.95000000000002,0.68,0
16691.0,2,178.83,0.97,1
16692.0,4,1914.6999999999998,0.82,1
16693.0,4,875.01,0.1,0
16694.0,1,98.30000000000001,0.97,1
16695.0,2,193.15,0.95,1
16696.0,4,657.9,0.94,1
16697.0,1,112.75,0.84,1
16698.0,2,1998.0,0.78,1
16699.0,7,994.6,0.79,1
16700.0,21,7879.89,0.05,0
16701.0,22,8192.83,0.02,0
16702.0,4,1110.83,0.8,1
16704.0,2,695.66,0.82,1
16705.0,31,37674.491,0.04,0
16707.0,4,551.11,0.81,1
16709.0,13,8042.18,0.03,0
16710.0,19,5709.94,0.01,0
16711.0,7,2127.32,0.19,0
16712.0,7,2219.71,0.03,0
16713.0,27,11239.0,0.01,0
16714.0,4,1529.8,0.89,1
16715.0,1,323.8,0.25,0
16716.0,3,2149.6800000000003,0.78,1
16717.0,11,4264.01,0.1,0
16718.0,5,3647.53,0.74,1
16719.0,12,3469.31,0.02,0
16720.0,2,640.24,0.15,0
16721.0,1,292.47,0.89,1
16722.0,17,7197.47,0.0,0
16723.0,2,712.48,0.17,0
16724.0,1,147.35,0.97,1
16725.0,14,1882.1100000000001,0.67,1
16726.0,6,1501.58,0.06,0
16727.0,4,1437.42,0.71,1
16728.0,3,550.0,0.19,0
16729.0,14,4295.45,0.57,0
16730.0,2,480.94,0.19,0
16731.0,1,174.05,0.96,1
16732.0,3,3783.89,0.1,0
16733.0,1,259.68,0.45,1
16735.0,11,5067.92,0.02,0
16736.0,5,2956.56,0.66,1
16737.0,1,417.6,0.32,0
16738.0,1,3.75,0.97,1
16739.0,2,786.4300000000001,0.84,1
16740.0,1,236.81,0.63,1
16741.0,1,173.06,0.99,1
16742.0,13,2387.71,0.24,0
16743.0,12,3534.29,0.02,0
16744.0,2,241.69,0.12,0
16745.0,13,5177.66,0.08,0
16746.0,34,15145.4,0.0,0
16748.0,12,3031.63,0.04,0
16749.0,2,4387.08,0.74,1
16750.0,2,317.74,0.31,0
16752.0,1,415.0,0.78,1
16754.0,29,67502.47,0.69,1
16755.0,6,2312.2200000000003,0.07,0
16756.0,7,1312.3700000000001,0.73,1
16757.0,2,270.48,0.86,1
16760.0,1,228.0,0.94,1
16762.0,1,314.15000000000003,0.35,0
16763.0,2,964.6999999999999,0.8,1
16764.0,1,176.68,0.63,0
16765.0,2,454.75,0.5,1
16766.0,2,1145.6,0.74,1
16767.0,9,6159.94,0.06,0
16768.0,7,1413.28,0.48,0
16769.0,4,1141.75,0.86,1
16770.0,8,1818.51,0.13,0
16771.0,8,3376.7400000000002,0.01,0
16772.0,3,3723.55,0.85,1
16773.0,2,249.65,0.26,0
16774.0,6,1237.1299999999999,0.12,0
16775.0,11,2279.08,0.19,0
16776.0,1,231.57,0.29,0
16777.0,4,1258.66,0.09,0
16778.0,1,93.18,0.34,0
16779.0,45,28354.37,0.01,0
16780.0,2,342.25,0.34,0
16781.0,2,934.25,0.9,1
16782.0,34,9800.86,0.01,0
16783.0,1,391.95,0.81,1
16784.0,4,788.93,0.39,0
16785.0,1,533.78,0.92,1
16786.0,1,51.84,0.75,1
16787.0,4,1035.43,0.77,1
16788.0,4,1649.99,0.33,0
16791.0,12,2893.06,0.02,0
16792.0,5,623.46,0.65,1
16794.0,8,1368.3899999999999,0.12,0
16795.0,3,2492.39,0.44,1
16797.0,5,1827.77,0.45,1
16798.0,3,848.71,0.8,1
16799.0,2,495.98,0.41,1
16801.0,4,1619.73,0.36,1
16802.0,2,582.61,0.42,1
16804.0,1,118.05,0.36,0
16805.0,5,1097.24,0.54,1
16806.0,3,541.5600000000001,0.23,0
16807.0,6,2123.88,0.32,1
16808.0,1,166.5,0.34,0
16809.0,7,1283.43,0.38,0
16810.0,2,842.0400000000001,0.88,1
16812.0,4,2392.0,0.78,1
16813.0,4,710.85,0.57,0
16814.0,29,10760.65,0.1,0
16815.0,2,410.97,0.86,1
16816.0,3,372.69,0.16,0
16817.0,11,2379.58,0.06,0
16818.0,6,1700.0900000000001,0.06,0
16819.0,2,182.59,0.96,1
16821.0,1,113.35,0.77,1
16822.0,1,181.39,0.96,1
16823.0,7,2260.09,0.69,1
16824.0,2,448.5,0.26,0
16825.0,4,1370.41,0.09,0
16827.0,5,392.13,0.87,1
16829.0,2,513.32,0.84,1
16830.0,3,881.59,0.63,0
16831.0,1,91.8,0.97,1
16832.0,5,417.61,0.8,1
16833.0,5,1973.8,0.07,0
16834.0,2,898.96,0.91,1
16835.0,5,1439.31,0.18,0
16836.0,2,530.5,0.23,0
16837.0,9,1911.74,0.22,0
16838.0,4,1159.6100000000001,0.73,1
16839.0,29,15137.43,0.04,0
16840.0,2,139.85,0.97,1
16841.0,11,3697.3,0.02,0
16842.0,2,866.95,0.45,0
16843.0,29,15722.02,0.02,0
16844.0,2,614.34,0.95,1
16845.0,1,253.88000000000002,0.91,1
16846.0,2,628.09,0.19,0
16847.0,1,421.45,0.24,0
16848.0,3,1130.2,0.19,0
16849.0,1,124.57,0.99,1
16850.0,1,332.41,0.89,1
16852.0,1,113.06,0.28,0
16854.0,2,1408.96,0.86,1
16856.0,2,323.09000000000003,0.31,0
16857.0,1,352.8,0.97,1
16858.0,10,4668.28,0.71,1
16859.0,7,1932.41,0.62,1
16860.0,3,1610.62,0.83,1
16861.0,4,843.63,0.19,0
16862.0,4,662.33,0.53,1
16863.0,2,659.97,0.52,0
16864.0,2,409.25,0.74,1
16865.0,1,130.95,0.95,1
16866.0,3,207.74,0.84,1
16867.0,1,76.74000000000001,0.94,1
16868.0,3,393.39,0.83,1
16869.0,2,387.68,0.26,0
16870.0,1,450.15999999999997,0.88,1
16871.0,4,2037.82,0.13,0
16872.0,4,921.47,0.11,0
16873.0,9,10727.22,0.16,0
16874.0,1,217.74,0.92,1
16875.0,10,3277.2,0.02,0
16876.0,1,136.01,0.9,1
16877.0,2,188.98,0.25,0
16880.0,5,1012.33,0.14,0
16882.0,2,215.70000000000002,0.84,0
16883.0,19,2396.59,0.67,1
16884.0,2,644.08,0.64,0
16885.0,2,429.88,0.61,0
16886.0,1,134.0,0.95,1
16887.0,2,465.84,0.25,0
16888.0,3,437.15,0.65,1
16889.0,6,2530.9,0.66,1
16890.0,3,285.41,0.96,1
16891.0,8,1685.04,0.09,0
16892.0,3,339.54,0.77,0
16893.0,2,401.77,0.45,1
16894.0,3,1324.06,0.82,1
16895.0,4,902.2800000000001,0.37,0
16896.0,1,103.95,0.86,1
16897.0,2,289.78,0.74,1
16898.0,4,827.03,0.1,0
16899.0,5,949.64,0.65,0
16901.0,1,204.26,0.93,1
16903.0,2,689.04,0.23,0
16904.0,15,3637.13,0.02,0
16905.0,13,2785.65,0.04,0
16906.0,6,1263.97,0.08,0
16907.0,8,1438.13,0.29,0
16908.0,1,252.59,0.94,1
16911.0,2,255.25,0.81,1
16912.0,9,3070.59,0.34,0
16913.0,3,423.91,0.89,1
16915.0,8,1130.19,0.42,0
16916.0,3,745.22,0.33,0
16917.0,2,1857.8300000000002,0.46,1
16918.0,12,2667.5,0.06,0
16919.0,24,5125.91,0.64,1
16920.0,1,355.45,0.94,1
16921.0,2,276.88,0.35,0
16922.0,1,611.08,0.88,1
16923.0,26,10529.29,0.01,0
16925.0,1,125.64999999999999,0.92,1
16926.0,5,1421.35,0.46,1
16927.0,2,341.45,0.26,0
16928.0,22,2841.64,0.07,0
16929.0,1,229.14,0.31,0
16931.0,14,3257.76,0.02,0
16932.0,2,278.77,0.24,0
16933.0,8,2842.75,0.04,0
16934.0,4,1160.06,0.24,0
16935.0,3,535.1,0.77,1
16936.0,1,288.49,0.27,0
16937.0,1,202.1,0.91,1
16938.0,8,6717.55,0.18,0
16939.0,3,449.0,0.72,1
16940.0,7,5246.14,0.04,0
16941.0,1,33.0,0.85,1
16942.0,7,1449.14,0.15,0
16943.0,5,1299.49,0.81,1
16944.0,1,101.36,0.95,1
16945.0,24,6296.42,0.05,0
16946.0,5,1222.04,0.82,1
16947.0,5,955.21,0.83,1
16948.0,7,868.77,0.75,1
16949.0,4,893.75,0.22,0
16950.0,8,2777.81,0.02,0
16951.0,3,1277.75,0.64,1
16952.0,3,631.17,0.18,0
16954.0,14,4938.28,0.0,0
16955.0,6,1309.41,0.73,1
16957.0,2,416.64,0.74,1
16958.0,1,809.44,0.82,1
16960.0,6,1737.91,0.55,0
16961.0,2,560.39,0.37,0
16962.0,1,251.04,0.89,1
16963.0,1,110.55000000000001,0.72,1
16964.0,2,207.85,0.87,1
16965.0,1,201.19,0.78,1
16966.0,4,1486.56,0.22,0
16967.0,1,319.02,0.88,1
16969.0,1,397.36,0.84,0
16970.0,1,71.4,0.89,1
16972.0,2,786.25,0.9,1
16973.0,1,127.0,0.95,1
16974.0,2,365.5,0.95,1
16975.0,3,926.12,0.45,1
16976.0,1,251.51999999999998,0.91,1
16977.0,4,496.0,0.86,1
16978.0,2,424.55,0.77,0
16979.0,5,1563.39,0.12,0
16980.0,3,1473.33,0.79,1
16983.0,8,2664.19,0.12,0
16984.0,7,6273.45,0.09,0
16985.0,20,9037.58,0.0,0
16986.0,9,3015.55,0.11,0
16987.0,7,1540.3,0.16,0
16988.0,1,256.55,0.32,0
16989.0,1,857.7,0.28,0
16990.0,2,344.0,0.97,1
16991.0,1,1041.21,0.72,1
16992.0,10,4533.34,0.08,0
16993.0,2,1950.9499999999998,0.73,1
16996.0,7,1367.53,0.17,0
16997.0,3,702.0,0.58,1
16998.0,5,402.0,0.67,1
17000.0,2,406.3,0.84,1
17001.0,14,4861.62,0.05,0
17002.0,6,2071.34,0.13,0
17003.0,4,830.16,0.82,1
17004.0,2,1012.22,0.27,0
17005.0,2,742.36,0.81,1
17006.0,4,854.54,0.25,0
17007.0,6,805.61,0.42,0
17008.0,1,81.36,0.92,1
17009.0,1,242.06,0.92,1
17011.0,2,400.8,0.31,0
17012.0,1,384.16,0.91,1
17015.0,1,524.5,0.13,0
17016.0,1,552.4,0.94,1
17017.0,23,10847.63,0.03,0
17018.0,5,1772.6,0.1,0
17019.0,10,3735.52,0.0,0
17020.0,2,935.62,0.89,1
17021.0,6,1182.22,0.8,1
17022.0,1,189.0,0.3,0
17023.0,3,800.1800000000001,0.91,1
17024.0,1,31.25,0.91,0
17025.0,4,1313.84,0.08,0
17026.0,3,208.98000000000002,0.88,1
17027.0,7,1092.7,0.2,0
17028.0,3,1593.83,0.82,1
17029.0,6,1779.3,0.16,0
17031.0,5,2619.45,0.33,0
17032.0,8,3004.6,0.72,1
17033.0,3,910.75,0.55,0
17034.0,3,680.2,0.4,0
17035.0,4,613.59,0.85,1
17036.0,1,176.9,0.99,1
17038.0,1,630.77,0.19,0
17039.0,1,1954.99,0.92,1
17040.0,2,463.25,0.75,1
17041.0,4,909.21,0.13,0
17042.0,3,680.9,0.21,0
17043.0,6,1206.34,0.13,0
17044.0,11,11013.82,0.12,0
17045.0,4,636.59,0.16,0
17046.0,5,1906.07,0.77,1
17047.0,5,1937.76,0.27,0
17048.0,6,1906.73,0.13,0
17049.0,14,6563.87,0.03,0
17050.0,10,4123.54,0.06,0
17051.0,4,714.39,0.55,1
17054.0,4,1207.32,0.18,0
17055.0,1,239.55,0.98,1
17056.0,1,128.60000000000002,0.97,1
17057.0,1,294.74,0.85,1
17058.0,2,819.66,0.51,0
17059.0,7,4018.16,0.03,0
17060.0,1,234.24,0.98,1
17061.0,9,4251.43,0.37,0
17062.0,6,1208.22,0.8,1
17063.0,10,2849.26,0.02,0
17064.0,2,461.3,0.19,0
17065.0,2,194.70000000000002,1.0,1
17066.0,1,228.34,0.94,1
17067.0,3,454.54,0.84,1
17068.0,40,7683.74,0.08,0
17069.0,10,4580.37,0.01,0
17070.0,1,133.18,0.3,0
17071.0,8,2416.19,0.09,0
17072.0,1,282.05,0.95,1
17074.0,1,203.05,0.94,1
17075.0,9,2103.68,0.1,0
17076.0,5,735.87,0.2,0
17077.0,1,306.0,0.97,1
17080.0,6,746.23,0.16,0
17081.0,4,674.23,0.33,0
17082.0,5,3365.12,0.08,0
17083.0,8,3640.03,0.11,0
17084.0,1,2253.22,0.28,0
17085.0,27,7543.66,0.06,0
17087.0,1,221.53,0.35,1
17088.0,2,1399.1100000000001,0.17,0
17089.0,1,128.45,0.95,1
17090.0,9,1754.58,0.09,0
17091.0,15,5977.75,0.08,0
17092.0,8,3952.08,0.07,0
17093.0,1,235.88,0.86,1
17094.0,2,402.2,0.9,1
17095.0,6,1792.05,0.28,0
17096.0,9,3180.9900000000002,0.01,0
17097.0,3,673.67,0.18,0
17098.0,3,591.07,0.84,1
17099.0,1,582.17,0.92,1
17101.0,4,1115.9,0.22,0
17102.0,1,25.5,0.97,1
17103.0,1,424.3,0.92,1
17104.0,1,474.03,0.93,1
17105.0,2,665.78,0.84,1
17106.0,1,491.23,0.88,1
17107.0,7,11594.05,0.03,0
17108.0,1,174.95,0.89,1
17109.0,4,875.01,0.16,0
17110.0,3,510.7,0.59,1
17111.0,1,227.97,0.22,0
17112.0,1,205.17,0.89,1
17113.0,6,2322.59,0.79,1
17114.0,6,603.59,0.22,0
17115.0,6,2536.81,0.15,0
17116.0,1,389.78,0.92,1
17117.0,1,116.2,0.55,1
17118.0,1,157.02,0.9,1
17120.0,1,307.46,0.24,1
17121.0,1,314.74,0.93,1
17122.0,3,432.18,0.46,0
17123.0,3,977.1700000000001,0.91,1
17124.0,1,298.89,0.68,1
17126.0,9,2070.44,0.65,1
17127.0,5,1155.03,0.78,1
17128.0,1,157.09,0.99,1
17129.0,1,31.85,0.94,1
17132.0,2,1272.8,0.9,1
17133.0,8,12208.880000000001,0.33,0
17134.0,2,542.6,0.16,0
17135.0,5,1314.98,0.22,0
17136.0,1,231.68,0.95,1
17137.0,6,1133.63,0.35,1
17138.0,7,4417.27,0.74,1
17139.0,19,14510.86,0.02,0
17140.0,1,465.32,0.89,1
17141.0,4,754.33,0.35,1
17142.0,4,1283.75,0.88,1
17143.0,2,924.11,0.88,1
17145.0,4,3120.91,0.63,1
17146.0,12,5674.34,0.12,0
17147.0,7,2458.4700000000003,0.24,0
17149.0,1,143.10000000000002,0.87,1
17150.0,6,1375.65,0.79,1
17151.0,1,231.90000000000003,0.92,1
17152.0,4,2016.5,0.5,1
17155.0,6,784.0600000000001,0.23,0
17156.0,1,591.87,0.73,1
17157.0,18,4994.36,0.05,0
17158.0,4,1411.58,0.23,0
17159.0,3,1089.16,0.57,0
17160.0,15,8934.26,0.02,0
17161.0,1,856.01,0.73,1
17162.0,8,1165.28,0.21,0
17163.0,2,406.68,0.16,0
17164.0,3,1270.42,0.2,0
17165.0,6,1794.32,0.78,1
17166.0,1,127.59,0.23,0
17167.0,3,867.11,0.82,1
17168.0,1,400.2,0.94,1
17169.0,2,629.63,0.3,0
17170.0,2,178.68,0.95,1
17171.0,2,384.59,0.84,1
17172.0,2,638.81,0.55,0
17174.0,1,59.9,0.98,1
17175.0,3,1132.63,0.22,0
17176.0,3,902.3199999999999,0.87,1
17177.0,1,119.5,0.92,1
17178.0,1,436.71,0.96,1
17179.0,6,1507.26,0.34,1
17180.0,10,2025.81,0.06,0
17181.0,2,380.97,0.22,0
17182.0,2,321.3,0.96,1
17184.0,2,198.41,0.77,1
17185.0,3,229.46,0.9,1
17187.0,2,467.71,0.78,1
17188.0,11,3933.79,0.16,0
17189.0,4,800.45,0.31,0
17190.0,6,1493.3,0.09,0
17191.0,13,3916.62,0.05,0
17192.0,1,77.83,0.95,1
17193.0,4,1059.3,0.18,0
17194.0,3,812.5,0.8,1
17195.0,1,562.98,0.77,1
17196.0,1,352.9,0.79,1
17198.0,2,1043.32,0.13,0
17199.0,1,145.12,0.88,1
17200.0,4,356.71,0.82,1
17201.0,3,899.41,0.15,0
17202.0,1,160.65,1.0,1
17203.0,4,2012.03,0.23,0
17204.0,9,5504.6900000000005,0.65,1
17205.0,2,615.27,0.32,0
17207.0,1,303.21999999999997,0.75,1
17208.0,1,115.35,0.99,1
17209.0,3,611.6,0.78,1
17210.0,1,253.37,0.93,1
17211.0,11,3194.32,0.1,0
17212.0,3,794.41,0.83,1
17213.0,11,4181.08,0.22,0
17214.0,4,613.67,0.18,0
17215.0,1,186.15,0.84,1
17216.0,1,65.05,0.96,1
17217.0,2,218.0,0.86,1
17218.0,13,3180.54,0.01,0
17219.0,1,144.9,0.32,0
17220.0,14,3119.38,0.02,0
17221.0,3,643.39,0.55,0
17222.0,5,1250.8600000000001,0.16,0
17223.0,3,873.53,0.79,1
17224.0,1,100.86000000000001,0.95,1
17225.0,1,131.15,0.91,1
17226.0,3,900.12,0.75,1
17227.0,9,1556.46,0.09,0
17228.0,9,1958.73,0.12,0
17229.0,1,157.71,0.4,0
17230.0,18,9924.95,0.67,1
17231.0,21,5756.17,0.02,0
17233.0,2,369.98,0.75,0
17234.0,1,149.89000000000001,0.98,1
17235.0,7,1696.72,0.08,0
17236.0,11,1710.86,0.64,0
17237.0,2,687.39,0.21,0
17238.0,26,5998.37,0.01,0
17239.0,4,1189.45,0.87,1
17240.0,1,130.60000000000002,0.99,1
17241.0,12,2744.14,0.19,1
17242.0,4,2463.68,0.09,0
17243.0,57,15947.130000000001,0.01,0
17244.0,4,871.14,0.22,0
17245.0,2,371.63,0.52,1
17246.0,2,38.92,0.85,1
17248.0,1,227.51000000000002,0.85,0
17249.0,1,68.03,0.97,1
17250.0,1,162.65,0.91,0
17251.0,3,812.4300000000001,0.68,1
17252.0,1,341.96,0.19,0
17254.0,1,198.29,0.27,0
17255.0,3,613.18,0.11,0
17256.0,4,386.83,0.28,0
17257.0,2,192.73,0.92,1
17258.0,2,417.3,0.94,1
17259.0,6,1889.34,0.72,1
17260.0,1,120.95,0.99,1
17261.0,1,230.44,0.9,1
17262.0,10,2459.62,0.16,0
17263.0,1,63.44,0.78,1
17264.0,1,279.59,0.82,1
17265.0,2,562.9,0.8,1
17266.0,3,320.15,0.28,0
17268.0,10,1281.73,0.1,0
17269.0,1,537.46,0.4,1
17270.0,2,604.4,0.82,1
17271.0,1,210.39000000000001,0.83,1
17272.0,2,1409.44,0.21,0
17273.0,1,141.12,0.97,1
17274.0,1,465.4,0.29,0
17275.0,1,114.52,0.88,1
17276.0,1,508.39,0.88,1
17277.0,2,1065.3500000000001,0.83,1
17278.0,2,271.24,0.89,1
17280.0,1,118.86,0.99,1
17281.0,6,797.85,0.82,1
17282.0,4,1652.66,0.51,0
17283.0,1,188.46,0.94,1
17284.0,6,2361.75,0.09,0
17285.0,2,428.34,0.92,1
17286.0,2,241.56,0.22,0
17287.0,19,3750.2599999999998,0.06,0
17288.0,9,1743.95,0.1,0
17289.0,7,1302.34,0.14,0
17290.0,6,976.1999999999999,0.27,0
17291.0,1,550.8000000000001,0.97,1
17292.0,2,271.75,0.52,1
17293.0,11,2604.29,0.01,0
17294.0,2,467.79,0.81,1
17296.0,1,338.13,0.9,1
17298.0,3,459.14,0.12,0
17299.0,3,498.6,0.18,0
17300.0,2,393.64,0.84,1
17301.0,1,132.8,0.24,0
17302.0,2,303.12,0.31,0
17303.0,1,250.04,0.93,1
17304.0,1,111.5,0.96,1
17305.0,1,2135.46,0.86,1
17306.0,15,6663.12,0.02,0
17307.0,11,3999.8900000000003,0.76,1
17308.0,2,4511.76,0.93,1
17309.0,2,247.84,0.32,0
17310.0,2,1025.1,0.97,1
17311.0,5,2738.17,0.09,0
17312.0,3,644.3,0.86,1
17314.0,14,3883.4300000000003,0.03,0
17315.0,29,6847.56,0.04,0
17316.0,1,124.45,0.85,1
17318.0,1,164.28,0.98,1
17319.0,1,29.099999999999998,0.98,1
17320.0,5,2605.25,0.19,0
17321.0,4,1040.32,0.2,0
17322.0,5,922.59,0.89,1
17323.0,8,1077.26,0.5,0
17324.0,10,2013.87,0.06,0
17325.0,3,609.5699999999999,0.8,1
17326.0,2,321.95,0.77,1
17327.0,2,152.35,0.9,1
17328.0,1,104.7,0.87,1
17329.0,4,724.6800000000001,0.24,0
17330.0,2,59.900000000000006,0.34,0
17332.0,5,838.27,0.74,1
17334.0,3,635.15,0.79,1
17335.0,2,508.0,0.91,1
17336.0,1,81.12,1.0,1
17337.0,4,2027.8700000000001,0.82,1
17338.0,15,9758.92,0.03,0
17339.0,2,179.0,0.25,0
17340.0,13,17049.46,0.06,0
17341.0,5,1889.83,0.79,1
17342.0,4,1227.54,0.3,1
17343.0,6,1259.94,0.81,1
17344.0,1,307.54,0.25,0
17345.0,8,1195.27,0.12,0
17346.0,18,3758.63,0.02,0
17348.0,5,1477.04,0.18,0
17349.0,5,852.25,0.74,1
17350.0,3,619.971,0.12,0
17351.0,11,1828.38,0.59,0
17352.0,1,36.25,0.53,1
17353.0,3,2372.0,0.35,0
17354.0,3,1750.4,0.51,0
17355.0,1,285.11,0.87,1
17356.0,5,946.47,0.8,1
17358.0,5,866.05,0.47,1
17359.0,1,156.6,0.24,0
17360.0,4,976.54,0.24,0
17361.0,4,656.36,0.23,0
17362.0,7,1024.04,0.83,1
17363.0,3,940.86,0.89,1
17364.0,23,10223.05,0.02,0
17365.0,12,5794.43,0.02,0
17366.0,2,1096.24,0.89,1
17367.0,1,168.4,0.94,1
17368.0,11,2528.34,0.02,0
17369.0,1,979.2,0.89,1
17370.0,1,110.69999999999999,0.32,0
17371.0,4,336.29,0.26,0
17372.0,26,4096.01,0.05,0
17373.0,4,665.83,0.52,0
17374.0,3,727.11,0.79,1
17375.0,4,660.55,0.84,1
17376.0,3,356.29,0.3,0
17377.0,66,15949.18,0.03,0
17378.0,1,10.95,0.99,1
17380.0,3,645.0,0.86,1
17381.0,29,35546.89,0.02,0
17382.0,7,836.88,0.28,0
17383.0,1,110.7,0.25,0
17384.0,2,398.8,0.3,0
17386.0,3,739.6700000000001,0.18,0
17388.0,9,2195.21,0.11,0
17389.0,49,33236.8,0.01,0
17390.0,1,149.29999999999998,0.99,1
17391.0,2,508.8,0.87,1
17392.0,3,626.5600000000001,0.53,1
17393.0,2,381.15,0.89,1
17394.0,1,203.86999999999998,0.9,1
17395.0,1,97.5,0.92,1
17396.0,12,6278.1,0.07,0
17397.0,1,536.77,0.91,0
17398.0,2,528.45,0.7,0
17400.0,7,3859.61,0.04,0
17401.0,1,114.85,1.0,1
17402.0,16,3624.64,0.09,0
17403.0,1,118.95,0.93,0
17404.0,15,32553.02,0.03,0
17405.0,1,393.31,0.9,0
17406.0,13,4905.05,0.68,1
17407.0,1,552.9,0.63,1
17408.0,3,316.09000000000003,0.84,1
17409.0,10,7793.51,0.69,1
17410.0,1,302.40000000000003,0.66,0
17411.0,3,932.0200000000001,0.22,0
17412.0,13,3869.28,0.04,0
17413.0,2,560.14,0.64,1
17414.0,5,2069.52,0.22,0
17416.0,19,14790.78,0.04,0
17417.0,1,164.18,0.99,1
17418.0,2,373.99,0.17,0
17419.0,14,4933.95,0.05,0
17420.0,5,877.11,0.22,0
17421.0,3,1059.41,0.8,1
17422.0,9,2911.57,0.01,0
17423.0,2,869.96,0.25,0
17426.0,10,6319.74,0.02,0
17428.0,35,23519.2,0.0,0
17429.0,4,1208.68,0.2,0
17430.0,3,582.01,0.16,0
17431.0,1,403.3,0.92,1
17432.0,7,1385.6299999999999,0.28,0
17433.0,1,266.8,0.34,0
17435.0,1,331.35,0.82,1
17436.0,4,440.16,0.68,0
17437.0,1,373.17,0.67,1
17438.0,5,1422.77,0.83,1
17439.0,1,325.74,0.85,1
17440.0,4,323.58,0.88,1
17441.0,1,293.35,0.86,1
17442.0,12,3440.75,0.06,0
17443.0,1,534.24,0.91,1
17444.0,3,2940.04,0.79,1
17446.0,2,120.89999999999999,0.89,1
17448.0,46,14556.97,0.04,1
17449.0,9,3752.98,0.04,0
17450.0,22,118619.46,0.08,0
17454.0,10,1547.94,0.83,1
17455.0,1,131.7,1.0,1
17456.0,2,1225.42,0.88,1
17457.0,13,5644.75,0.03,0
17458.0,1,213.08,0.3,0
17460.0,15,2068.42,0.24,0
17462.0,1,463.40999999999997,0.3,0
17463.0,5,1907.14,0.09,0
17464.0,3,1000.94,0.88,1
17465.0,7,2542.79,0.62,1
17467.0,1,102.6,0.9,1
17468.0,1,57.8,0.29,0
17469.0,14,3926.35,0.12,0
17470.0,9,2302.91,0.06,0
17471.0,1,321.65,0.77,1
17472.0,4,935.1,0.81,1
17473.0,2,607.0,0.61,1
17474.0,1,1047.0,0.81,1
17476.0,2,489.86,0.83,1
17477.0,2,1144.3,0.87,1
17478.0,2,1272.8000000000002,0.82,1
17479.0,1,389.26,0.9,1
17480.0,1,390.21,0.28,0
17482.0,2,778.19,0.81,1
17483.0,2,332.79,0.87,0
17484.0,2,209.57,0.86,1
17486.0,1,396.87,0.89,1
17487.0,1,160.55,0.98,1
17488.0,1,336.5,0.83,1
17489.0,1,208.56,0.3,0
17490.0,3,963.38,0.26,0
17491.0,11,3747.06,0.02,0
17492.0,3,1122.42,0.76,1
17493.0,1,100.91,0.9,1
17494.0,1,54.7,0.82,1
17495.0,1,309.16,0.27,0
17496.0,4,1412.89,0.53,1
17497.0,2,287.25,0.86,1
17499.0,2,1341.39,0.83,1
17501.0,2,288.6,0.87,1
17504.0,18,9565.12,0.66,1
17505.0,5,2435.48,0.76,1
17507.0,2,605.58,0.82,1
17508.0,8,4579.23,0.68,1
17510.0,1,206.08,0.19,0
17511.0,47,132297.02,0.03,0
17512.0,15,4084.15,0.04,0
17513.0,2,645.6,0.61,0
17514.0,1,334.18,0.25,0
17515.0,8,1549.81,0.11,0
17516.0,4,644.68,0.07,0
17517.0,1,153.94,1.0,1
17518.0,2,329.42,0.9,1
17519.0,13,4421.55,0.03,0
17521.0,3,714.41,0.29,0
17522.0,4,912.25,0.18,0
17524.0,3,539.14,0.48,1
17525.0,3,1161.9,0.83,1
17526.0,11,3842.94,0.01,0
17527.0,1,292.11,0.39,0
17529.0,2,1240.25,0.88,1
17530.0,8,2124.37,0.13,0
17531.0,3,1266.82,0.92,1
17532.0,1,65.34,0.94,1
17533.0,1,34.8,0.92,1
17534.0,4,1445.47,0.23,0
17535.0,1,164.4,0.97,1
17536.0,3,364.83,0.9,1
17537.0,1,630.7,0.46,0
17539.0,4,1226.57,0.39,1
17540.0,5,1280.5,0.16,0
17541.0,1,124.46,0.93,1
17542.0,3,341.7,0.87,1
17543.0,1,120.05,0.99,1
17544.0,3,960.69,0.77,1
17545.0,3,802.58,0.15,0
17547.0,2,727.85,0.54,1
17548.0,4,731.26,0.76,1
17550.0,9,2547.64,0.78,1
17551.0,1,306.84,0.8,1
17552.0,10,2453.4,0.06,0
17553.0,3,2270.0,0.37,0
17554.0,1,772.43,0.52,0
17555.0,4,769.93,0.09,0
17556.0,2,300.67,0.91,1
17557.0,1,34.0,0.33,0
17558.0,1,259.17,0.95,1
17559.0,1,167.62,0.88,1
17560.0,7,1746.68,0.15,0
17561.0,3,554.72,0.15,0
17562.0,2,409.1,0.22,0
17563.0,2,392.38,0.93,1
17565.0,1,131.83,0.97,1
17567.0,6,3359.6,0.06,0
17568.0,1,382.79,0.85,1
17569.0,1,344.14,0.94,1
17570.0,1,100.0,0.99,1
17571.0,4,766.44,0.25,0
17572.0,8,648.46,0.12,0
17574.0,1,185.65,0.88,1
17575.0,1,171.7,1.0,1
17576.0,33,7432.4,0.0,0
17577.0,2,348.75,0.64,1
17578.0,7,1047.33,0.85,1
17579.0,3,575.24,0.25,0
17580.0,5,545.27,0.76,1
17581.0,33,12817.54,0.01,0
17582.0,5,1450.7,0.75,1
17583.0,1,135.95,0.98,1
17584.0,4,4067.12,0.29,0
17585.0,6,1773.75,0.23,0
17586.0,1,167.4,0.97,1
17587.0,1,181.66,0.98,1
17588.0,6,2401.59,0.17,0
17589.0,17,13488.77,0.01,0
17591.0,6,2200.27,0.15,0
17592.0,1,148.3,0.97,1
17593.0,9,6431.9800000000005,0.13,0
17594.0,3,1819.7,0.13,0
17596.0,10,3831.47,0.14,0
17597.0,5,3484.09,0.7,1
17598.0,1,409.98,0.79,1
17599.0,1,52.05,0.95,1
17601.0,2,421.48,0.56,1
17602.0,9,3115.21,0.02,0
17603.0,3,1398.76,0.21,0
17604.0,6,945.9300000000001,0.84,1
17605.0,1,160.75,1.0,1
17606.0,1,87.3,0.99,1
17607.0,1,333.81,0.97,1
17608.0,2,305.11,0.63,0
17609.0,8,1319.81,0.21,0
17610.0,5,1529.49,0.72,1
17611.0,21,6810.41,0.0,0
17612.0,15,4378.47,0.03,0
17613.0,8,2835.36,0.51,0
17615.0,5,675.9,0.17,0
17616.0,4,1060.8,0.7,1
17617.0,1,395.33,0.93,1
17618.0,10,3768.44,0.02,0
17619.0,1,218.52,0.88,1
17621.0,5,2697.0,0.13,0
17622.0,2,1130.21,0.94,1
17623.0,6,1856.6200000000001,0.12,0
17624.0,3,1125.45,0.19,0
17625.0,6,5255.58,0.03,0
17626.0,1,254.0,0.93,1
17627.0,1,296.36,0.87,1
17629.0,6,1356.53,0.18,0
17630.0,2,503.6,0.84,1
17631.0,6,886.66,0.48,0
17633.0,3,732.55,0.2,0
17634.0,5,1814.67,0.16,0
17635.0,3,1265.58,0.76,1
17638.0,2,842.4000000000001,0.86,1
17639.0,6,615.17,0.42,1
17640.0,5,2547.28,0.11,0
17642.0,4,1507.5,0.2,0
17643.0,2,541.25,0.74,1
17644.0,15,4443.7300000000005,0.01,0
17646.0,12,4149.79,0.68,1
17647.0,2,198.6,0.27,0
17648.0,4,1526.26,0.18,0
17649.0,3,1578.89,0.96,1
17651.0,10,2906.53,0.15,0
17652.0,6,2713.57,0.18,0
17654.0,1,117.55,0.8,1
17655.0,6,2616.2400000000002,0.15,0
17657.0,1,126.0,0.98,1
17658.0,1,317.6,0.38,0
17659.0,8,1978.2,0.17,0
17660.0,2,359.46999999999997,0.94,1
17662.0,2,412.92,0.96,1
17663.0,14,4389.45,0.03,0
17664.0,3,887.7800000000001,0.27,0
17665.0,1,563.1,0.64,1
17666.0,3,1319.6399999999999,0.14,0
17667.0,8,3646.2,0.09,0
17669.0,7,4800.35,0.01,0
17670.0,1,205.7,0.86,1
17671.0,4,1929.18,0.14,0
17672.0,6,3778.3,0.14,0
17673.0,11,3814.23,0.09,0
17674.0,1,601.3199999999999,0.31,0
17675.0,57,28982.2,0.0,0
17676.0,5,1678.8600000000001,0.18,0
17677.0,41,29397.37,0.02,0
17678.0,2,599.76,0.82,1
17679.0,5,1585.5,0.33,0
17680.0,2,313.05,0.81,0
17681.0,5,731.2,0.83,1
17682.0,9,3452.68,0.05,0
17683.0,3,819.01,0.68,1
17685.0,10,4264.36,0.07,0
17686.0,6,5594.1,0.1,0
17687.0,1,432.68,0.88,1
17688.0,1,304.2,0.72,1
17689.0,2,317.08,0.96,1
17690.0,15,5754.08,0.01,0
17691.0,4,780.0500000000001,0.8,1
17692.0,11,2858.32,0.02,0
17693.0,1,200.47,0.75,1
17694.0,3,1695.97,0.75,1
17695.0,4,1334.3,0.12,0
17696.0,25,7033.650000000001,0.0,0
17697.0,1,338.95000000000005,0.9,1
17698.0,1,154.95,1.0,1
17699.0,2,442.0,0.85,1
17700.0,12,5270.9,0.06,0
17701.0,1,417.95,0.93,1
17702.0,4,2094.8,0.33,0
17703.0,2,525.24,0.3,0
17704.0,2,885.19,0.6,1
17705.0,7,920.18,0.15,0
17706.0,23,16764.29,0.03,0
17707.0,8,609.3,0.39,1
17708.0,4,887.9300000000001,0.33,1
17709.0,5,671.01,0.74,1
17710.0,1,293.5,0.93,1
17711.0,1,220.53,0.25,0
17713.0,4,1198.09,0.62,1
17714.0,5,1410.18,0.76,1
17715.0,2,489.59999999999997,0.93,1
17716.0,16,12927.92,0.05,0
17717.0,1,376.92,0.94,1
17718.0,2,439.18,0.65,1
17719.0,8,2897.54,0.15,0
17720.0,8,2105.35,0.08,0
17721.0,1,307.21000000000004,0.88,1
17722.0,4,4107.2,0.18,0
17723.0,6,2755.9000000000005,0.74,0
17724.0,1,373.1,0.37,0
17725.0,6,1887.6100000000001,0.09,0
17726.0,7,1092.06,0.83,1
17728.0,2,1362.75,0.23,0
17729.0,1,438.65000000000003,0.93,1
17730.0,13,4848.93,0.07,0
17731.0,4,1131.45,0.2,0
17732.0,8,2470.39,0.82,1
17733.0,1,216.95000000000002,0.18,0
17734.0,5,1281.9,0.29,0
17735.0,20,12448.94,0.07,0
17738.0,12,3876.0,0.07,0
17739.0,14,6010.01,0.03,0
17740.0,6,426.90000000000003,0.7,1
17741.0,2,101.1,0.87,1
17742.0,10,2045.94,0.09,0
17743.0,1,229.2,0.93,1
17744.0,5,1615.7,0.14,0
17745.0,2,600.34,0.78,1
17746.0,4,904.1800000000001,0.73,1
17748.0,1,358.15000000000003,0.95,1
17749.0,3,1026.18,0.89,1
17750.0,2,630.41,0.22,0
17751.0,1,157.86,0.94,1
17752.0,1,80.64,0.99,1
17753.0,4,390.55999999999995,0.81,1
17754.0,10,3380.33,0.03,0
17756.0,3,733.7,0.79,1
17757.0,44,6775.87,0.07,0
17758.0,8,2992.03,0.06,0
17759.0,4,609.07,0.19,0
17760.0,5,803.88,0.21,0
17762.0,1,129.75,0.92,1
17763.0,4,86.15,0.8,1
17764.0,4,1066.79,0.54,0
17765.0,4,530.8,0.87,1
17766.0,2,299.61,0.85,1
17767.0,1,141.85,0.35,0
17768.0,5,1647.66,0.42,0
17769.0,11,4933.83,0.02,0
17770.0,5,1143.27,0.62,1
17771.0,3,257.4,0.26,0
17772.0,1,202.0,0.24,0
17773.0,2,585.27,0.7,1
17774.0,8,3092.5099999999998,0.1,0
17775.0,1,56.4,0.41,1
17776.0,2,338.56,0.89,1
17778.0,1,197.70000000000002,0.85,1
17779.0,1,323.09000000000003,0.26,0
17780.0,3,352.91,0.86,1
17781.0,2,188.02,0.96,1
17782.0,2,679.02,0.89,1
17783.0,2,208.85,0.26,0
17784.0,1,112.86,0.98,1
17785.0,2,271.44,0.31,0
17786.0,1,114.85000000000001,0.39,0
17787.0,4,2601.4700000000003,0.86,1
17789.0,2,397.15,0.92,1
17790.0,16,1828.14,0.14,0
17792.0,2,370.05,0.87,1
17794.0,2,147.3,0.89,1
17795.0,2,350.39,0.58,1
17796.0,6,1286.09,0.39,0
17797.0,6,1477.8500000000001,0.04,0
17798.0,1,183.09,0.99,1
17799.0,18,5430.22,0.02,0
17800.0,5,595.5,0.16,0
17801.0,3,798.33,0.84,1
17802.0,9,4400.5,0.13,0
17803.0,1,184.66,0.98,1
17804.0,3,385.23,0.9,1
17805.0,1,414.72,0.45,0
17807.0,3,437.87,0.92,1
17808.0,4,262.64,0.86,1
17809.0,15,8666.18,0.07,0
17810.0,2,374.81,0.8,1
17811.0,29,6223.97,0.02,0
17812.0,4,651.28,0.17,0
17814.0,2,1617.32,0.84,1
17815.0,1,591.96,0.84,1
17816.0,4,97.07,0.25,0
17817.0,5,689.87,0.2,0
17818.0,1,130.18,0.8,1
17819.0,11,6376.12,0.04,0
17820.0,1,183.56,0.92,1
17821.0,1,334.62,0.88,1
17822.0,5,2188.5,0.24,1
17823.0,2,494.25,0.23,1
17825.0,4,731.96,0.85,1
17826.0,1,134.59,0.54,1
17827.0,5,1976.4,0.07,0
17828.0,2,863.16,0.26,0
17829.0,5,4756.74,0.76,1
17830.0,2,287.65000000000003,0.2,0
17833.0,1,342.36,0.86,1
17834.0,2,730.47,0.9,1
17837.0,3,376.51,0.34,0
17838.0,11,5631.3,0.13,0
17840.0,1,185.72,0.96,1
17841.0,153,48321.36,0.05,0
17842.0,1,430.69,0.95,1
17843.0,2,326.23,0.83,1
17845.0,4,598.19,0.61,1
17847.0,2,129.69,0.94,1
17848.0,28,3422.58,0.03,0
17849.0,8,1063.76,0.42,1
17850.0,155,56600.08,0.72,1
17851.0,6,1563.34,0.25,1
17852.0,3,548.87,0.13,0
17853.0,3,1608.19,0.88,1
17854.0,6,1071.45,0.77,1
17855.0,1,417.94,0.87,1
17856.0,3,1142.63,0.23,0
17857.0,12,11518.48,0.07,0
17858.0,25,10746.19,0.01,0
17859.0,1,148.21,0.91,1
17860.0,4,1015.54,0.8,1
17861.0,15,4328.46,0.01,0
17862.0,4,1279.09,0.84,1
17863.0,10,4370.4800000000005,0.04,0
17864.0,3,535.23,0.17,0
17865.0,35,20943.07,0.0,0
17866.0,3,1134.95,0.78,1
17867.0,13,1381.66,0.28,0
17868.0,1,234.65,0.94,1
17869.0,5,918.94,0.17,0
17870.0,6,1710.11,0.31,0
17871.0,5,1118.99,0.84,1
17872.0,1,235.87,0.83,1
17873.0,17,6243.84,0.02,0
17874.0,6,683.46,0.88,1
17875.0,1,167.1,0.96,1
17876.0,3,3424.02,0.86,1
17877.0,1,237.61,0.4,1
17878.0,2,1032.88,0.25,0
17879.0,1,178.52,0.71,1
17880.0,3,824.9200000000001,0.89,1
17881.0,1,133.35,0.93,1
17882.0,2,313.46,0.89,1
17883.0,4,443.43,0.27,0
17884.0,19,2958.28,0.04,0
17886.0,5,1105.03,0.25,0
17888.0,21,1401.44,0.12,0
17889.0,7,774.87,0.83,1
17890.0,2,602.09,0.8,1
17891.0,1,203.85999999999999,0.97,1
17892.0,1,142.1,0.08,0
17893.0,1,112.25,0.81,1
17894.0,16,2201.42,0.39,0
17897.0,9,2585.0,0.83,1
17898.0,3,246.96,0.56,0
17899.0,1,155.8,0.91,1
17900.0,2,112.19999999999999,0.9,1
17901.0,2,149.7,0.62,0
17902.0,1,216.4,0.86,1
17903.0,1,381.09000000000003,0.92,1
17905.0,12,2202.27,0.11,0
17906.0,1,72.89999999999999,0.84,1
17907.0,1,291.76,0.87,1
17908.0,5,1411.54,0.65,1
17909.0,1,132.55,0.98,1
17910.0,1,261.7,0.94,1
17912.0,6,375.5,0.76,1
17913.0,13,3286.09,0.08,0
17915.0,1,242.13,0.68,1
17916.0,2,43.87,0.9,1
17917.0,2,230.46,0.22,0
17918.0,3,396.39,0.89,1
17919.0,1,536.28,0.33,0
17920.0,45,22519.9,0.07,0
17921.0,9,2198.7400000000002,0.1,0
17922.0,1,170.4,0.97,1
17923.0,3,497.0,0.8,1
17924.0,3,1076.4,0.27,0
17925.0,1,488.16,0.88,1
17926.0,4,849.9300000000001,0.23,0
17927.0,1,294.0,0.89,1
17928.0,2,206.96,0.7,0
17929.0,10,2674.1,0.13,0
17930.0,10,3228.88,0.08,0
17931.0,13,3326.13,0.02,0
17932.0,2,934.51,0.23,0
17933.0,1,114.69,1.0,1
17934.0,1,344.90000000000003,0.25,0
17935.0,7,686.14,0.74,1
17937.0,4,3327.48,0.16,0
17938.0,1,144.29,0.82,1
17939.0,1,99.14,0.98,1
17940.0,13,29964.19,0.16,0
17941.0,3,1128.72,0.13,0
17944.0,1,75.41,0.96,1
17945.0,3,360.34999999999997,0.68,1
17946.0,2,149.57999999999998,0.92,1
17948.0,1,358.56000000000006,0.99,1
17949.0,96,91297.81,0.1,0
17950.0,6,1213.78,0.13,0
17951.0,3,1037.0400000000002,0.19,0
17952.0,4,819.61,0.57,1
17953.0,1,160.82,0.96,1
17954.0,16,3282.53,0.01,0
17955.0,6,949.9,0.8,1
17956.0,1,12.75,0.96,1
17958.0,1,465.42,0.28,0
17959.0,1,140.75,0.87,1
17960.0,3,135.08,0.76,1
17961.0,90,2851.59,0.01,0
17962.0,4,687.42,0.82,1
17963.0,4,651.51,0.39,1
17964.0,1,523.52,0.54,0
17965.0,24,6173.150000000001,0.04,0
17966.0,9,1470.42,0.18,0
17967.0,2,357.29,0.84,1
17968.0,4,888.04,0.74,1
17969.0,20,2369.94,0.74,1
17970.0,1,582.59,0.62,1
17971.0,1,161.94,0.96,1
17972.0,1,136.04,0.88,1
17974.0,4,1290.04,0.16,0
17975.0,21,5951.21,0.08,0
17976.0,1,706.38,0.92,1
17977.0,1,1277.49,0.12,0
17978.0,4,1461.76,0.69,1
17979.0,3,504.54,0.36,0
17980.0,4,1033.42,0.73,1
17981.0,1,239.12,0.84,1
17982.0,1,138.18,0.92,1
17983.0,1,171.71,0.96,1
17984.0,5,1191.27,0.73,1
17987.0,5,1003.64,0.79,1
17988.0,9,366.78000000000003,0.27,0
17989.0,1,228.82999999999998,0.99,1
17990.0,6,1527.6100000000001,0.73,1
17991.0,3,320.55,0.82,1
17992.0,1,254.13,0.81,1
17993.0,1,235.19,0.9,1
17994.0,10,2192.61,0.04,0
17995.0,3,495.48,0.59,1
17996.0,3,482.33,0.82,1
17997.0,3,1152.3899999999999,0.16,0
17998.0,3,639.24,0.78,1
17999.0,2,539.18,0.18,0
18000.0,1,124.25,0.98,1
18001.0,4,536.61,0.13,0
18002.0,4,249.92,0.9,1
18003.0,1,358.61,0.94,1
18004.0,1,169.47,0.93,1
18006.0,3,553.18,0.18,0
18007.0,1,220.32,0.85,1
18008.0,21,19736.35,0.02,0
18009.0,8,2155.83,0.71,1
18010.0,1,174.8,0.98,1
18011.0,2,527.03,0.84,1
18012.0,1,115.3,0.98,1
18013.0,2,187.29,0.95,1
18016.0,5,965.66,0.3,0
18017.0,3,509.0,0.23,0
18018.0,3,213.3,0.79,0
18020.0,1,190.48000000000002,0.97,1
18021.0,2,227.06,0.53,1
18022.0,4,983.68,0.5,0
18024.0,2,389.78,0.84,1
18025.0,6,1177.72,0.73,1
18026.0,2,2074.07,0.88,1
18028.0,1,192.05,0.77,1
18029.0,1,433.77,0.95,1
18031.0,1,462.1,0.79,1
18032.0,1,73.5,1.0,1
18034.0,1,370.82,0.16,0
18035.0,2,546.34,0.15,0
18036.0,9,1268.82,0.05,0
18037.0,15,167.42,0.86,1
18038.0,1,149.41,0.88,1
18039.0,4,579.17,0.79,1
18040.0,1,239.00000000000003,0.23,0
18041.0,32,7414.01,0.0,0
18042.0,1,116.1,0.32,0
18043.0,2,768.27,0.2,0
18044.0,15,2522.54,0.04,0
18046.0,1,189.63,0.99,1
18047.0,2,342.69,0.94,1
18048.0,3,401.73,0.7,1
18049.0,2,556.52,0.89,1
18050.0,2,412.06,0.8,1
18051.0,7,2282.28,0.81,1
18052.0,1,10877.18,0.93,1
18053.0,2,271.05,0.25,0
18054.0,1,176.5,0.97,1
18055.0,10,7773.91,0.22,0
18056.0,2,554.6,0.74,1
18057.0,3,1203.56,0.75,1
18058.0,2,603.9,0.24,0
18060.0,2,1185.46,0.84,1
18061.0,25,5921.63,0.03,0
18062.0,6,1632.67,0.69,1
18063.0,2,186.60000000000002,0.89,1
18064.0,10,4089.03,0.1,0
18065.0,23,4885.95,0.05,0
18066.0,2,1122.4,0.22,0
18068.0,1,101.7,0.83,1
18069.0,9,3497.76,0.11,0
18070.0,1,314.1,0.93,1
18071.0,6,1428.63,0.79,1
18072.0,1,247.44,0.86,1
18073.0,10,2268.7400000000002,0.46,0
18074.0,2,1509.04,0.87,1
18075.0,17,4724.49,0.11,0
18076.0,1,151.49,0.99,1
18077.0,12,2818.82,0.01,0
18078.0,4,844.6,0.76,1
18079.0,2,2203.61,0.23,0
18080.0,1,841.4999999999999,0.35,0
18083.0,1,470.73,0.79,1
18084.0,2,722.45,0.27,0
18085.0,4,1645.75,0.57,1
18086.0,1,101.34,0.98,1
18087.0,16,13908.72,0.03,0
18089.0,1,428.45000000000005,0.92,1
18090.0,1,349.4,0.91,1
18091.0,1,360.85,0.72,1
18092.0,14,11781.220000000001,0.09,0
18093.0,6,3463.71,0.15,0
18094.0,11,5776.52,0.06,0
18095.0,5,2303.09,0.7,1
18096.0,3,894.13,0.2,0
18097.0,8,3422.08,0.02,0
18098.0,1,550.84,0.87,1
18100.0,1,451.56,0.65,1
18101.0,4,515.74,0.24,0
18102.0,109,472124.06,0.04,0
18103.0,1,105.8,0.94,1
18106.0,6,1461.46,0.27,1
18107.0,1,167.13,0.98,1
18108.0,3,848.8100000000001,0.94,1
18109.0,27,5628.15,0.13,0
18110.0,1,199.13,0.31,0
18111.0,1,405.85,0.86,1
18112.0,3,619.91,0.23,0
18113.0,1,152.64000000000001,0.9298442228809756,1
18114.0,1,220.1,0.99,1
18115.0,1,9.700000000000001,0.98,1
18116.0,12,1990.74,0.07,0
18118.0,21,5159.66,0.06,0
18119.0,1,362.24,0.9,1
18120.0,1,111.14999999999999,0.84,1
18121.0,2,673.1,0.83,1
18122.0,1,119.19,0.28,0
18123.0,1,95.15,0.33,0
18124.0,1,111.53,0.99,1
18125.0,3,945.14,0.23,0
18127.0,1,212.8,0.88,0
18128.0,1,420.04,0.96,1
18129.0,1,112.55,0.98,1
18131.0,1,222.95999999999998,0.894785470502194,1
18132.0,1,226.9,0.9,1
18133.0,1,931.5,0.78,1
18134.0,2,445.0,0.9,1
18135.0,6,677.53,0.12,0
18136.0,4,1447.8799999999999,0.14,0
18137.0,2,145.99,0.86,1
18138.0,1,152.65,0.94,1
18140.0,1,536.41,0.58,1
18141.0,2,882.47,0.84,1
18142.0,2,1019.52,0.83,1
18143.0,1,480.18,0.21,0
18144.0,15,3977.0,0.02,0
18145.0,9,3780.02,0.04,0
18146.0,2,160.35,0.92,1
18148.0,1,114.10000000000001,0.79,1
18149.0,6,1562.31,0.09,0
18150.0,2,413.28000000000003,0.31,0
18151.0,6,1879.44,0.82,1
18152.0,1,426.69,0.86,1
18153.0,1,246.22,0.76,1
18154.0,3,533.41,0.18,0
18155.0,2,266.56,0.15,0
18156.0,1,412.46000000000004,0.32,0
18157.0,1,215.35,0.96,1
18159.0,1,530.15,0.8,1
18160.0,2,684.37,0.25,0
18161.0,4,955.6700000000001,0.14,0
18162.0,1,379.15999999999997,0.94,1
18163.0,1,728.84,0.83,1
18165.0,1,302.46,0.64,1
18166.0,1,175.5,0.93,1
18168.0,16,3770.27,0.09,1
18170.0,7,2201.9,0.15,0
18171.0,7,1890.42,0.1,0
18172.0,40,13964.72,0.02,0
18173.0,4,2318.36,0.27,0
18174.0,1,58.5,0.31,0
18175.0,1,176.10000000000002,0.98,1
18176.0,1,476.35,0.9,1
18177.0,8,1913.27,0.1,0
18178.0,10,5612.87,0.11,0
18179.0,6,1857.54,0.11,0
18180.0,2,601.85,0.2,0
18181.0,4,823.14,0.19,0
18182.0,1,291.13,0.92,1
18183.0,2,632.07,0.73,1
18185.0,1,304.25,0.42,1
18186.0,1,329.58,0.91,1
18187.0,1,724.89,0.88,1
18188.0,4,1706.15,0.15,0
18189.0,2,946.59,0.28,0
18190.0,5,745.62,0.85,1
18191.0,2,529.4,0.81,1
18193.0,3,1207.35,0.84,1
18194.0,5,3188.2,0.18,0
18195.0,1,101.16,0.86,1
18196.0,3,1225.96,0.38,0
18197.0,1,230.1,0.89,1
18198.0,13,4113.110000000001,0.42,0
18199.0,1,344.75,0.98,1
18201.0,1,447.53000000000003,0.81,1
18202.0,3,1396.99,0.69,1
18203.0,4,504.42,0.89,1
18204.0,1,549.4300000000001,0.3,0
18206.0,1,314.65999999999997,0.85,1
18207.0,1,544.47,0.81,1
18208.0,1,360.08,0.98,1
18210.0,2,289.85,0.19,0
18211.0,2,268.7,0.17,0
18212.0,2,546.72,0.91,1
18213.0,1,232.48000000000002,0.82,1
18214.0,4,1780.34,0.77,1
18215.0,4,1948.15,0.2,0
18217.0,2,323.29,0.35,0
18218.0,4,1142.0,0.7,1
18219.0,15,2860.25,0.02,0
18220.0,6,1921.76,0.68,1
18221.0,3,920.34,0.23,0
18223.0,22,11120.92,0.02,0
18224.0,1,158.95000000000002,0.95,1
18225.0,20,9701.61,0.02,0
18226.0,23,10235.06,0.0,0
18227.0,2,388.75,0.83,1
18229.0,20,7895.47,0.04,0
18230.0,6,3124.1400000000003,0.19,0
18231.0,28,6880.97,0.6,1
18232.0,3,500.62,0.19,0
18233.0,1,440.0,1.0,1
18234.0,1,179.6,0.98,1
18235.0,1,430.46,0.38,0
18236.0,9,1389.06,0.2,0
18237.0,1,323.38,0.31,0
18238.0,1,270.92,0.89,1
18239.0,6,2150.36,0.76,1
18241.0,8,1566.73,0.12,0
18242.0,6,2066.8,0.04,0
18243.0,1,515.78,0.78,1
18244.0,2,568.64,0.73,1
18245.0,19,5430.7300000000005,0.02,0
18246.0,2,395.62,0.39,0
18247.0,3,839.73,0.77,1
18248.0,1,496.46,0.19,0
18250.0,1,349.27,0.92,1
18251.0,8,21964.14,0.13,0
18252.0,6,1085.32,0.27,0
18253.0,1,317.88,0.94,1
18254.0,1,267.9,0.63,1
18255.0,1,199.85,0.32,0
18256.0,1,110.69999999999999,0.93,1
18257.0,8,3198.12,0.04,0
18258.0,6,2059.67,0.85,1
18259.0,5,2355.9,0.3,0
18260.0,23,9962.11,0.07,1
18262.0,3,577.54,0.79,1
18263.0,2,811.4,0.22,0
18264.0,1,603.25,0.86,1
18265.0,1,488.55,0.14,0
18266.0,1,251.1,0.77,1
18267.0,1,269.37,0.61,1
18268.0,5,1464.73,0.08,0
18269.0,1,337.20000000000005,0.89,1
18270.0,2,273.35,0.19,0
18271.0,2,680.85,0.76,1
18272.0,6,3041.6,0.05,0
18273.0,2,204.0,0.23,0
18275.0,2,741.85,0.69,1
18276.0,5,1320.66,0.09,0
18277.0,4,1069.67,0.65,0
18278.0,1,240.3,0.41,0
18279.0,1,231.34,0.89,1
18280.0,2,488.15000000000003,0.8,1
18281.0,2,201.14,0.88,1
18283.0,15,1627.54,0.2,0
18284.0,1,461.68,0.63,1
18285.0,1,427.0,0.93,1
18286.0,2,1296.43,0.92,1
18287.0,5,3110.9900000000002,0.09,0
